,Oxy4x_01,Oxy4x_02,Oxy4x_03,Oxy4x_04,Oxy4x_05,Oxy4x_06,Oxy4x_07,Oxy4x_08,Oxy4x_09,Oxy4x_10,Oxy4x_11,Oxy4x_12,Oxy4x_13,Oxy4x_14,Oxy4x_15,Oxy4x_16,Oxy4x_17,Oxy4x_18
chr01_000008984,4,4,4,4,4,4,4,4,4,4,4,4,4,4,4,4,4,4
chr01_000175030,0,4,4,3,4,4,4,2,4,4,2,2,4,2,4,4,4,4
chr01_000175165,0,4,4,3,4,4,4,2,4,4,2,2,4,3,4,4,4,4
chr01_001273044,4,4,4,4,4,4,4,4,4,4,4,4,4,4,4,4,4,4
chr01_001328316,4,4,4,4,4,4,4,4,4,4,4,4,4,4,4,4,4,4
chr01_001439376,4,4,4,4,4,4,4,4,4,4,4,4,4,4,4,4,4,4
chr01_001450802,4,4,4,4,4,4,4,4,4,4,4,4,4,4,4,4,4,4
chr01_001465651,4,4,4,4,4,4,0,0,1,0,1,4,0,4,0,1,4,4
chr01_001831908,1,2,0,0,0,1,1,2,1,1,2,0,1,0,1,2,0,0
chr01_001974844,3,0,2,0,1,1,2,1,1,0,0,0,0,0,0,2,2,1
chr01_001974937,0,0,0,0,0,0,0,0,0,0,0,0,0,0,0,0,0,0
chr01_002304148,3,4,4,4,4,4,4,4,4,4,4,4,4,4,4,4,4,3
chr01_002446068,4,4,0,4,4,4,4,4,3,2,4,4,4,4,4,4,4,4
chr01_002659844,4,4,4,4,4,4,4,4,4,4,4,4,4,4,4,4,4,4
chr01_002701030,0,2,1,3,2,2,2,4,2,2,1,4,2,3,1,1,4,3
chr01_002701177,0,1,0,1,0,0,2,4,2,2,0,4,0,2,0,0,0,0
chr01_002749173,4,4,4,4,4,4,4,4,4,3,4,4,4,4,4,4,4,4
chr01_002750096,4,4,4,4,4,4,4,4,4,4,4,4,4,4,4,4,4,4
chr01_002977274,0,0,0,0,0,0,0,0,0,0,0,0,0,0,0,0,0,0
chr01_002977411,4,4,4,4,4,4,4,4,4,4,4,4,4,4,4,4,3,4
chr01_003092865,0,0,0,1,0,0,0,0,0,0,0,0,0,1,0,0,0,0
chr01_003422355,4,4,4,4,4,4,4,4,4,4,4,4,4,4,4,4,4,4
chr01_004138065,4,4,4,4,4,4,4,4,4,4,4,4,4,4,4,4,4,4
chr01_004138170,4,4,4,4,4,4,4,4,4,4,4,4,4,4,4,4,4,4
chr01_004152842,4,4,4,4,4,4,4,4,4,4,4,4,4,4,4,4,4,4
chr01_004186267,3,4,4,4,3,2,4,3,3,4,4,4,4,4,3,3,3,4
chr01_004186329,3,2,4,3,3,2,1,4,2,4,1,3,1,3,1,3,2,2
chr01_004244686,4,4,4,4,4,4,4,4,4,4,4,4,4,4,4,4,4,4
chr01_005647196,1,0,3,2,2,2,0,2,4,0,2,1,1,0,0,0,0,1
chr01_005908969,0,4,4,4,0,4,4,4,4,4,4,4,4,4,4,4,4,4
chr01_006014568,0,0,0,0,0,0,0,0,0,0,0,0,0,0,0,0,0,0
chr01_006014664,0,0,0,2,0,0,0,0,0,2,0,0,1,0,1,0,0,0
chr01_006128452,4,4,4,4,4,4,4,4,4,4,4,4,4,4,4,4,4,4
chr01_006162681,4,4,4,4,4,4,4,4,4,4,4,4,4,4,4,4,4,4
chr01_006162715,4,4,4,4,4,4,4,4,4,4,4,4,4,4,4,4,4,4
chr01_006162733,4,4,4,4,4,4,4,4,4,4,4,4,4,4,4,4,4,4
chr01_006165162,0,0,0,0,0,3,0,0,0,3,0,2,0,2,0,0,2,0
chr01_006165219,4,4,4,4,4,4,4,4,4,4,4,4,4,4,4,4,4,4
chr01_006426192,0,3,1,2,0,0,4,0,0,0,3,0,4,2,0,4,1,4
chr01_006546413,0,0,0,0,0,0,0,0,0,0,0,0,0,0,0,0,0,0
chr01_006630067,4,4,4,4,4,4,4,4,4,4,4,4,4,4,4,4,4,4
chr01_006773129,0,0,0,0,0,0,0,0,0,0,0,0,0,0,0,0,0,0
chr01_007386534,4,2,4,4,4,2,4,4,4,4,4,3,4,2,3,4,3,4
chr01_007643666,4,4,4,4,4,4,4,4,4,4,4,4,4,4,3,4,4,4
chr01_007643741,4,4,4,4,4,4,4,4,4,4,4,4,4,4,4,4,4,4
chr01_008013059,4,2,4,4,4,4,3,3,3,3,3,2,4,3,2,4,4,1
chr01_008028758,4,4,4,4,2,2,4,4,3,3,4,4,4,2,4,1,2,3
chr01_008028790,4,4,4,4,4,4,4,4,4,4,4,4,4,4,4,4,4,4
chr01_008258375,4,4,4,4,4,4,4,4,4,4,4,4,4,4,4,4,4,4
chr01_008260218,4,3,2,4,3,2,2,4,2,4,4,4,4,4,4,4,4,4
chr01_008260320,4,4,3,4,4,4,2,4,4,4,4,4,4,3,4,2,4,4
chr01_008390536,4,4,4,4,4,4,4,4,4,4,4,4,4,4,3,4,4,4
chr01_008468208,4,4,4,4,4,4,4,4,4,4,4,4,4,4,4,4,4,4
chr01_008468286,4,4,4,4,4,4,4,4,4,4,4,4,4,4,4,4,4,4
chr01_008514828,4,4,4,4,4,4,4,4,4,4,4,4,4,4,4,4,4,4
chr01_008514882,2,3,4,4,4,4,4,4,4,4,4,4,4,4,4,4,4,4
chr01_009056051,0,0,0,0,0,0,0,0,0,0,0,0,0,0,1,0,0,0
chr01_009121550,4,4,4,4,4,4,4,4,4,4,4,4,4,4,4,4,3,4
chr01_009121636,4,4,4,4,4,4,4,4,2,4,3,4,4,4,4,4,4,3
chr01_009159741,4,4,4,4,4,4,4,4,4,4,4,4,4,4,4,4,4,4
chr01_009212668,4,4,3,4,2,3,4,2,4,3,4,3,3,4,3,4,4,4
chr01_009212708,2,2,2,4,0,0,4,1,4,1,4,2,3,4,2,4,4,4
chr01_009234526,0,0,0,0,0,0,0,0,0,0,0,0,0,0,4,0,0,0
chr01_009400470,4,4,4,4,4,4,4,4,4,4,4,4,4,4,4,4,4,4
chr01_009400509,4,4,4,4,4,4,4,4,4,4,4,4,4,4,4,4,4,4
chr01_009556567,4,4,4,4,4,4,4,3,4,4,4,4,4,4,4,4,4,4
chr01_009556596,2,4,4,2,4,4,3,4,3,4,4,4,2,3,4,4,4,3
chr01_009564291,1,0,3,0,2,1,0,2,2,2,1,1,0,2,3,1,0,1
chr01_009564360,0,0,0,0,3,0,0,0,0,1,0,0,0,2,3,2,0,0
chr01_009596934,4,4,4,4,4,4,4,4,4,4,4,4,4,4,4,4,4,4
chr01_009840218,4,4,4,4,4,4,4,4,4,4,4,4,4,4,4,4,4,4
chr01_009840234,4,4,4,4,4,4,4,4,4,4,4,4,4,4,4,4,4,4
chr01_009906648,4,2,4,4,3,4,4,3,4,4,3,3,4,4,2,3,4,1
chr01_009906675,4,4,4,4,4,4,4,4,4,4,4,4,4,4,4,4,4,4
chr01_010565071,4,4,4,4,4,4,4,4,4,4,4,4,4,4,4,4,4,4
chr01_011095491,1,0,1,3,0,4,3,1,4,4,4,0,2,3,2,2,0,3
chr01_011095525,4,4,4,4,4,4,4,4,4,4,4,4,4,4,4,4,4,4
chr01_011400143,4,4,4,4,4,4,4,4,4,4,4,4,4,4,4,4,4,4
chr01_011638343,4,4,4,4,4,4,4,0,4,2,4,4,4,4,4,4,4,4
chr01_012301670,4,4,1,4,3,4,3,3,4,4,4,3,4,4,4,3,4,4
chr01_012381458,1,0,3,0,3,2,2,1,1,2,3,0,0,1,2,2,0,1
chr01_012382003,4,4,4,4,4,4,4,4,4,4,4,4,4,4,4,4,4,4
chr01_012382020,4,4,4,4,4,4,4,4,4,4,4,4,4,4,4,4,4,4
chr01_012382096,4,4,4,4,4,4,4,4,4,4,4,4,4,4,4,4,4,4
chr01_012382131,4,4,4,4,4,4,4,4,4,4,4,4,4,4,4,4,4,4
chr01_012382200,4,4,4,4,4,4,4,4,4,4,4,4,4,4,4,4,4,4
chr01_012694267,4,4,4,4,4,4,4,4,4,4,4,4,4,4,4,4,4,4
chr01_012694335,4,4,4,4,4,4,4,4,4,4,4,4,4,4,4,4,4,4
chr01_012697575,3,4,0,4,4,4,2,4,0,4,0,4,2,1,2,3,4,3
chr01_013009652,4,4,4,4,4,4,4,4,4,4,4,4,4,4,4,4,4,4
chr01_014024643,0,0,0,0,0,0,0,0,0,0,0,0,0,0,0,0,0,0
chr01_014317206,4,4,4,4,4,4,4,4,4,4,4,4,4,4,4,4,4,4
chr01_014317369,4,4,4,4,4,4,4,4,4,4,4,2,3,3,4,4,4,4
chr01_014370339,4,4,4,4,4,4,4,4,4,4,4,4,4,4,4,4,4,4
chr01_015161370,4,2,4,0,4,4,4,4,4,2,2,4,2,4,3,3,4,4
chr01_015173326,4,4,4,4,4,4,4,4,4,4,4,4,4,4,4,4,4,4
chr01_015260368,3,4,4,4,4,4,3,3,4,4,4,4,4,4,3,4,4,3
chr01_015534097,4,4,4,4,3,4,4,4,4,4,4,4,4,4,4,4,4,4
chr01_016169213,2,4,3,4,4,4,3,4,3,4,4,4,4,2,3,3,4,3
chr01_016174641,4,4,4,4,4,4,4,4,4,4,4,4,4,4,4,4,4,4
chr01_016174797,4,4,4,4,4,4,4,4,4,4,4,4,4,4,4,4,4,4
chr01_017196294,2,4,0,1,1,3,2,3,3,1,4,2,4,3,3,4,1,3
chr01_017196397,2,4,0,0,0,0,1,3,3,0,4,2,4,3,2,4,0,2
chr01_017196423,4,4,4,4,4,4,4,4,4,4,4,4,4,4,4,4,4,4
chr01_017481133,4,4,4,4,3,4,3,4,4,4,4,4,4,4,4,3,4,4
chr01_017687057,1,0,0,0,2,0,1,1,1,1,0,0,0,1,2,0,0,2
chr01_018734158,4,2,4,2,4,4,3,4,4,3,1,3,3,3,3,3,4,4
chr01_019297521,2,2,4,4,0,4,4,4,4,4,4,4,4,1,2,4,4,0
chr01_019440627,2,2,3,0,4,0,1,0,2,0,0,0,0,3,2,1,0,4
chr01_020084630,4,4,1,4,4,4,2,4,2,4,4,4,4,4,4,3,4,4
chr01_021147142,4,4,4,4,4,4,3,4,3,4,4,4,4,4,4,3,4,4
chr01_021506097,4,4,4,4,4,4,4,4,4,4,4,4,4,4,4,4,4,4
chr01_021506207,4,4,4,4,4,4,4,4,4,4,4,4,4,4,4,4,4,4
chr01_021509091,2,4,3,3,4,4,2,0,2,4,4,4,4,4,3,2,4,4
chr01_021509175,4,4,4,4,4,4,4,4,4,4,4,4,4,4,4,4,4,4
chr01_022318355,4,4,4,4,4,4,4,4,4,4,4,4,4,4,4,4,4,4
chr01_022318457,2,2,0,4,2,0,4,4,4,0,0,0,0,3,4,4,0,2
chr01_022318519,0,0,0,0,1,0,4,0,4,0,0,0,0,0,0,3,0,0
chr01_022460583,2,2,0,4,4,4,4,4,4,0,4,4,4,1,0,4,2,2
chr01_022674801,4,1,4,0,1,0,1,0,1,2,0,0,0,4,3,1,0,1
chr01_022792171,2,2,4,0,0,4,0,0,0,2,0,0,0,4,3,0,0,2
chr01_023128018,0,0,0,0,1,2,0,1,0,1,1,0,0,0,0,1,0,0
chr01_023358064,3,2,4,4,3,4,4,4,4,4,4,4,4,0,3,4,4,0
chr01_023358151,0,0,0,0,0,0,0,0,0,0,0,0,0,0,0,0,0,0
chr01_023604552,1,4,0,0,1,0,0,0,0,1,0,0,0,4,1,0,0,4
chr01_023640059,4,4,4,4,4,4,4,4,4,4,4,4,4,4,4,4,4,4
chr01_023640129,4,4,4,4,3,4,2,1,2,2,3,4,3,4,4,3,3,4
chr01_023651321,3,3,3,4,2,2,1,1,2,2,1,4,2,4,4,3,1,2
chr01_023651350,4,4,3,3,4,4,4,4,4,4,4,4,4,4,4,4,4,4
chr01_023653711,4,4,4,4,4,4,4,4,4,4,4,4,4,4,4,4,4,4
chr01_023761878,4,2,4,2,3,2,1,0,0,4,2,0,1,2,3,2,0,2
chr01_023798068,2,4,2,4,4,4,4,4,4,3,4,4,4,4,3,4,4,4
chr01_023800643,3,4,2,4,3,3,4,4,4,2,3,4,4,4,3,4,4,4
chr01_023800778,3,4,2,4,3,3,4,4,4,3,3,4,4,4,3,4,4,4
chr01_024464273,4,4,4,4,3,2,2,4,4,2,0,4,4,4,3,4,2,4
chr01_024823569,4,4,4,4,4,4,4,4,4,4,4,4,4,4,4,4,4,4
chr01_025103462,0,2,3,0,2,0,0,0,2,0,0,0,0,2,0,2,0,0
chr01_025103486,4,4,4,4,4,4,4,4,4,4,4,4,4,4,4,4,4,4
chr01_025472146,4,4,2,4,4,4,4,4,4,4,4,4,4,4,4,4,4,4
chr01_026246387,4,4,4,4,4,4,4,4,4,4,4,4,4,4,3,4,4,4
chr01_026475375,1,1,3,3,1,1,1,2,0,1,0,0,1,1,2,3,1,3
chr01_026475584,3,3,4,3,1,2,4,3,0,1,3,1,3,2,3,4,2,3
chr01_026491587,2,2,2,4,4,4,2,4,4,4,4,3,4,4,4,4,3,4
chr01_026549199,2,2,1,0,0,0,4,0,0,0,2,0,2,1,0,1,2,0
chr01_026636907,4,4,4,4,4,4,4,4,4,4,4,4,4,4,4,4,4,4
chr01_027031610,2,4,4,4,4,4,4,4,4,4,4,4,4,4,4,4,4,4
chr01_028014577,0,0,0,0,0,0,0,0,0,0,0,0,0,0,0,0,0,0
chr01_028062583,4,2,3,4,4,4,4,4,4,4,4,2,4,3,4,3,4,3
chr01_028062629,4,0,2,4,3,4,2,4,2,3,2,0,3,3,3,4,2,4
chr01_028062739,4,4,4,4,4,4,4,4,4,4,4,4,4,4,4,4,4,4
chr01_028192744,4,4,4,4,4,4,4,4,4,4,4,4,4,4,4,4,4,4
chr01_028912415,4,4,4,4,4,4,4,4,4,4,4,4,4,4,4,4,4,4
chr01_028912435,3,3,4,4,3,3,4,3,4,4,1,4,4,2,4,4,4,3
chr01_029184283,0,0,1,0,0,0,0,0,0,0,0,0,0,0,0,1,0,0
chr01_029556091,0,0,0,0,0,0,0,1,0,0,0,0,0,0,0,1,0,0
chr01_029558344,4,4,4,4,4,4,4,4,4,4,4,3,4,4,4,4,4,4
chr01_029877619,4,4,4,4,4,4,4,4,4,4,4,4,4,4,4,4,4,4
chr01_029877717,0,2,0,0,1,0,1,2,0,0,4,2,4,2,0,0,3,1
chr01_030263914,4,4,4,4,4,4,4,4,4,4,4,4,4,4,4,4,4,4
chr01_030316071,0,0,0,0,0,0,0,0,0,0,0,0,0,0,0,0,0,1
chr01_030741122,4,4,4,4,4,4,4,4,4,4,4,4,4,4,4,4,4,4
chr01_030742341,0,2,4,4,4,4,4,4,4,4,4,4,4,4,4,0,4,4
chr01_030742405,0,4,4,4,4,4,4,4,3,4,4,4,4,4,4,0,4,4
chr01_030742444,0,2,4,4,4,4,4,4,4,4,4,4,4,4,4,4,4,4
chr01_031162161,4,4,4,4,4,4,4,4,4,4,4,4,4,4,4,4,4,4
chr01_031352977,4,4,4,4,4,3,4,4,4,4,4,4,4,4,4,4,4,4
chr01_031700541,0,0,0,0,0,0,0,0,0,0,0,0,0,0,0,1,0,0
chr01_031794634,4,4,4,4,4,4,4,4,4,4,4,4,4,4,4,3,4,4
chr01_031797284,4,4,4,4,4,4,4,4,4,4,4,4,4,4,4,4,4,4
chr01_032392319,3,2,2,4,2,0,3,3,3,3,3,3,2,4,2,4,4,2
chr01_032392390,3,3,3,4,3,2,2,2,3,2,3,3,2,4,2,4,4,3
chr01_032392487,4,4,4,4,4,4,4,4,3,4,4,4,4,4,4,4,4,4
chr01_033320787,4,4,4,4,4,4,4,4,4,4,4,4,4,4,4,4,4,4
chr01_033605889,4,4,4,4,4,4,4,4,4,4,4,4,4,4,4,4,4,4
chr01_033605915,4,4,4,4,4,4,4,4,4,4,4,4,4,4,4,4,4,4
chr01_033606040,4,3,4,4,3,4,4,4,4,4,4,4,4,3,4,4,2,4
chr01_033767903,1,0,0,0,0,0,0,0,0,0,0,0,0,0,0,0,0,0
chr01_033806827,0,0,0,0,0,0,0,0,0,0,0,0,0,0,0,0,0,0
chr01_034520148,4,4,4,4,4,4,4,4,4,4,4,4,4,4,4,4,4,4
chr01_034619411,0,0,0,0,0,0,0,0,0,0,0,0,0,0,0,0,0,0
chr01_034832858,2,4,4,4,4,4,2,4,4,2,4,4,4,4,4,4,3,2
chr01_035403686,3,3,4,3,4,4,3,3,4,4,4,4,4,4,3,4,4,3
chr01_035653398,0,0,2,0,0,0,0,0,0,1,0,1,1,1,0,0,0,0
chr01_035653510,4,4,4,4,4,4,4,4,4,4,4,4,4,4,4,4,4,4
chr01_035653573,0,0,4,0,0,0,0,0,0,2,0,1,4,1,0,0,0,0
chr01_035832998,4,4,4,4,4,4,4,4,4,4,4,4,4,4,4,4,4,4
chr01_035833075,0,0,0,0,0,0,0,0,0,0,0,0,0,0,0,0,0,0
chr01_036685024,4,4,4,4,4,4,4,4,4,4,4,4,4,4,4,4,4,4
chr01_036723205,0,0,0,0,0,0,0,0,0,0,0,0,0,0,0,0,0,0
chr01_036925318,4,4,4,4,4,4,4,4,4,4,4,4,4,4,4,4,4,4
chr01_036925504,3,4,4,4,4,4,4,4,4,3,4,4,3,4,4,3,4,4
chr01_036939785,0,0,0,0,0,0,0,0,0,0,0,0,0,0,0,0,0,0
chr01_036939832,4,4,4,4,4,4,4,4,4,4,4,4,4,4,4,4,4,4
chr01_036941014,4,2,3,4,3,3,3,4,2,4,2,3,3,4,4,4,4,2
chr01_036941040,4,4,4,4,4,4,4,4,4,4,4,4,4,4,4,4,4,4
chr01_037753942,4,4,4,4,4,4,4,4,4,4,4,4,4,4,4,4,4,4
chr01_037756427,4,4,4,4,4,4,4,4,4,4,4,4,4,4,4,4,4,4
chr01_037756444,2,4,3,1,4,3,4,4,0,4,3,3,3,0,3,3,1,3
chr01_037756510,4,4,4,4,4,4,4,4,4,4,4,4,4,4,4,4,4,4
chr01_037756604,4,4,4,4,4,4,4,4,4,4,4,4,4,4,4,4,4,4
chr01_037876277,2,1,0,0,1,2,0,0,0,1,1,1,0,1,3,1,1,0
chr01_037940139,4,4,4,4,4,4,4,4,4,4,4,4,4,4,4,4,4,4
chr01_039082143,2,2,0,0,2,0,2,2,0,0,2,3,2,0,0,2,3,1
chr01_039082182,2,2,3,2,3,3,2,2,3,3,2,3,1,2,2,2,2,3
chr01_039120985,0,1,0,0,0,0,2,1,0,0,3,0,0,0,0,0,2,2
chr01_039308781,4,4,4,4,4,4,4,4,2,4,4,4,3,2,4,4,4,4
chr01_040079858,3,4,4,4,4,4,3,3,3,4,4,4,4,4,4,3,4,4
chr01_040172977,4,4,4,4,4,4,4,4,4,4,4,4,4,4,4,4,4,4
chr01_040303398,4,4,4,4,4,4,4,4,4,4,3,4,4,4,4,4,4,4
chr01_040341049,0,2,2,1,1,2,2,1,2,2,1,1,0,0,2,2,2,1
chr01_040341099,4,4,4,4,4,4,4,4,4,4,4,4,4,4,4,4,4,4
chr01_040348300,0,3,1,4,1,3,3,2,3,2,2,2,0,1,3,4,2,4
chr01_040683530,4,4,4,4,4,4,4,4,4,4,4,4,4,4,4,4,4,4
chr01_040725824,4,4,4,4,4,4,4,4,3,4,4,3,4,4,4,4,4,0
chr01_040725903,2,3,4,0,2,3,2,2,4,4,4,1,0,0,4,4,4,4
chr01_040791087,4,3,0,4,2,2,3,2,4,4,1,4,4,4,3,4,4,4
chr01_040791267,0,0,0,0,0,0,0,0,0,0,0,0,0,0,0,0,0,0
chr01_041160086,4,4,4,4,4,4,4,4,4,4,4,4,4,4,4,4,4,4
chr01_041160194,4,4,4,4,4,4,4,4,4,4,4,4,4,4,4,4,4,4
chr01_041360992,0,1,3,0,1,1,1,1,0,0,3,0,0,0,1,1,0,1
chr01_041564970,4,4,4,4,4,4,3,4,4,3,4,4,4,3,4,4,4,4
chr01_041606144,4,4,4,4,4,4,4,4,4,4,4,4,4,4,4,4,4,4
chr01_041635548,4,4,4,4,2,4,1,0,4,0,3,3,3,3,2,4,2,3
chr01_041658421,4,4,4,4,4,4,4,4,4,4,4,4,4,4,4,4,4,4
chr01_041658451,3,3,2,1,2,2,2,2,3,3,2,3,2,3,2,3,3,2
chr01_041658478,4,4,4,4,4,4,4,4,4,4,4,4,4,4,4,4,4,4
chr01_041658515,4,4,4,4,4,4,4,4,4,4,4,4,4,4,4,4,4,4
chr01_042113433,4,4,4,4,4,4,4,4,4,4,4,4,4,4,4,4,4,4
chr01_042305029,4,4,4,4,4,4,4,4,4,4,4,4,4,4,4,4,4,4
chr01_042305086,4,4,4,4,4,4,4,4,4,4,4,4,4,4,4,4,4,4
chr01_042546361,2,0,1,0,1,1,0,1,1,0,0,1,0,0,2,3,0,0
chr01_043317317,4,4,4,4,4,4,4,4,4,4,4,4,4,4,4,4,4,4
chr01_043321344,0,0,0,0,0,1,0,1,1,0,1,0,0,1,4,1,0,1
chr01_043564813,4,4,4,4,4,4,4,4,4,4,4,4,4,4,4,4,4,4
chr01_043609797,4,4,4,4,4,4,4,4,4,4,4,4,4,4,4,4,4,4
chr01_043895404,0,1,2,3,3,2,3,1,4,1,1,2,2,3,0,4,1,4
chr01_044261400,0,0,1,0,0,0,0,0,0,0,0,0,0,0,0,0,0,0
chr01_045320095,4,4,4,4,4,3,4,4,4,4,4,4,4,4,4,4,4,4
chr01_046041731,0,1,0,0,4,2,0,0,0,0,0,0,0,2,3,3,0,4
chr01_046311201,4,4,4,4,4,4,4,4,4,4,4,4,4,4,4,4,4,4
chr01_046505152,1,2,1,0,2,2,3,4,2,2,2,4,2,2,1,1,3,1
chr01_046505272,4,4,3,4,4,4,4,4,4,2,4,4,4,4,3,3,4,4
chr01_046507151,4,4,3,4,4,4,4,4,4,2,4,4,4,4,3,3,4,4
chr01_046890114,1,1,0,0,1,2,0,0,0,0,0,1,0,0,0,0,0,0
chr01_046952789,3,4,2,2,2,3,0,1,0,0,2,2,1,1,2,1,1,1
chr01_046952882,4,4,4,4,4,4,4,4,4,4,4,4,4,4,4,4,4,4
chr01_047185671,0,0,0,0,0,1,1,0,1,1,0,1,1,1,0,0,0,0
chr01_047188043,0,0,1,0,0,1,2,0,2,1,0,1,1,1,1,0,0,0
chr01_047188152,4,4,4,4,4,4,4,4,4,4,4,4,4,4,4,4,4,4
chr01_047676137,4,4,4,4,4,4,4,4,4,4,4,4,4,4,4,4,4,4
chr01_047733281,4,4,4,4,3,4,3,4,4,4,3,3,3,4,4,4,4,4
chr01_047974958,4,4,4,4,4,4,4,4,4,4,4,4,4,4,4,4,4,4
chr01_047981156,0,0,0,0,0,0,0,0,0,0,0,0,0,0,0,0,0,0
chr01_048463286,0,0,0,0,0,0,0,0,0,0,0,0,0,0,0,0,0,0
chr01_048522389,4,4,4,4,4,4,4,4,4,4,4,4,4,4,4,4,4,4
chr01_048995696,4,4,4,4,4,4,4,4,4,4,4,4,4,4,3,4,4,4
chr02_000342231,4,4,4,4,3,4,4,4,4,4,4,4,4,4,2,4,4,4
chr02_000411350,0,0,2,0,1,1,0,0,0,0,0,0,0,0,0,0,0,0
chr02_000964056,4,4,4,4,4,4,4,4,4,4,4,4,4,4,4,4,4,4
chr02_001457361,4,4,3,4,4,4,4,4,4,2,2,4,2,4,2,4,4,2
chr02_001457415,4,4,4,4,4,4,4,4,4,3,3,4,3,4,3,4,4,3
chr02_001602372,4,4,4,4,4,4,4,4,4,4,4,4,4,4,4,4,4,4
chr02_001916425,4,4,4,4,4,4,4,4,4,4,4,4,4,4,4,4,4,4
chr02_002114419,4,4,4,4,4,4,4,4,4,4,4,3,4,4,4,4,4,4
chr02_002124059,4,4,4,4,4,4,4,4,4,4,4,3,4,4,4,4,4,4
chr02_002361795,4,4,4,3,4,4,4,2,4,4,1,4,2,4,3,3,3,3
chr02_002364388,4,4,4,4,4,4,4,4,4,4,4,4,4,4,4,4,4,4
chr02_002765594,4,4,4,4,4,4,4,4,4,4,4,4,4,4,3,4,4,4
chr02_002766483,0,0,0,0,0,0,0,0,0,0,0,0,0,0,0,0,0,0
chr02_003090428,4,4,4,4,4,4,4,4,4,4,4,4,4,4,3,4,4,4
chr02_003262682,2,4,4,4,4,4,2,4,4,4,4,4,4,2,1,2,4,2
chr02_003374238,4,4,4,4,4,4,4,4,4,4,4,4,4,4,4,4,4,4
chr02_003933260,4,4,4,4,4,4,4,4,4,4,4,4,4,4,4,4,4,4
chr02_004069514,4,4,4,4,4,4,4,4,4,4,4,4,4,4,4,4,4,4
chr02_004632118,4,4,4,4,4,4,4,4,4,4,4,4,4,4,4,4,4,4
chr02_004632149,4,4,4,4,4,4,4,4,4,4,4,4,4,4,4,4,4,4
chr02_004938348,2,4,2,4,4,2,4,4,3,4,4,4,4,4,4,4,3,3
chr02_004938364,4,4,4,4,4,4,4,4,4,4,4,4,4,4,4,4,4,4
chr02_004998040,0,0,0,0,0,0,0,0,0,0,0,0,0,0,0,0,0,0
chr02_005031306,4,1,2,0,1,4,0,1,1,1,0,0,1,0,1,2,1,0
chr02_005078769,0,0,0,0,0,0,0,1,0,0,0,0,0,0,0,0,0,0
chr02_005082930,4,4,4,4,4,4,4,4,4,4,4,4,4,4,4,4,4,4
chr02_005082971,4,4,4,4,4,4,4,4,4,4,4,4,4,4,4,4,4,4
chr02_005083121,4,4,4,3,3,3,4,3,3,3,0,2,3,3,2,0,2,3
chr02_005333201,4,4,4,4,4,4,4,4,4,4,4,4,4,4,4,4,4,4
chr02_005799327,3,1,1,0,4,4,4,2,4,0,2,2,4,2,2,2,0,4
chr02_005799465,3,1,1,0,1,2,1,1,2,0,2,2,3,2,1,2,0,2
chr02_005799490,4,4,4,3,4,4,4,4,4,4,4,4,4,4,4,4,4,4
chr02_005955564,4,4,4,4,4,4,4,4,4,4,4,4,4,4,4,4,4,4
chr02_005955744,0,2,1,3,1,0,1,1,1,2,0,1,1,2,1,1,1,3
chr02_005961316,4,4,4,4,4,4,4,4,4,4,3,4,3,3,4,4,4,4
chr02_006303971,4,4,4,4,4,4,4,4,4,4,4,4,4,4,4,4,4,4
chr02_006304021,4,4,4,4,4,4,4,4,4,4,4,4,4,4,4,4,4,4
chr02_006304084,4,4,4,4,4,4,4,4,4,4,4,4,4,4,4,4,4,4
chr02_006320758,4,4,4,4,4,4,4,4,4,3,4,4,4,4,4,4,4,4
chr02_006322991,4,3,3,3,4,4,4,3,3,2,4,2,4,3,4,0,3,4
chr02_006882335,4,4,4,4,4,4,4,4,4,3,3,4,4,4,4,4,4,4
chr02_006882480,4,4,4,4,4,4,4,4,4,4,4,4,4,4,4,4,4,4
chr02_007188123,0,0,0,0,3,3,0,0,3,1,1,2,0,0,0,0,2,2
chr02_007636084,2,4,2,1,1,3,1,3,4,1,2,1,1,2,3,4,2,1
chr02_007636175,4,4,4,4,4,4,4,4,4,4,4,4,4,4,4,4,4,4
chr02_008073933,4,4,4,4,4,0,4,4,4,4,4,4,4,4,4,4,4,4
chr02_008341392,0,1,3,4,1,4,4,4,3,4,3,4,4,4,4,4,4,4
chr02_008410309,0,0,0,0,0,0,0,0,0,2,0,0,0,0,0,4,0,0
chr02_008458332,0,0,0,0,0,0,0,0,0,0,0,0,0,0,0,0,0,0
chr02_008484621,4,4,4,4,4,4,4,4,4,4,4,4,4,4,4,4,4,4
chr02_008699099,1,2,1,1,0,0,0,0,0,4,4,0,1,0,0,0,0,0
chr02_008778693,3,3,4,4,4,4,4,3,4,4,3,4,3,4,4,4,4,4
chr02_008835722,4,4,4,4,4,4,4,4,4,4,4,4,4,4,4,4,4,4
chr02_008835784,3,2,2,3,4,2,3,2,4,3,3,2,2,2,2,2,3,2
chr02_008835842,3,4,3,4,4,4,4,4,4,4,4,4,4,4,2,4,3,4
chr02_008855143,3,2,4,4,2,3,4,4,4,3,2,4,3,4,4,4,3,4
chr02_009115504,4,4,4,4,4,4,4,4,4,4,4,4,4,4,4,4,4,4
chr02_009166445,4,4,3,4,4,4,4,4,4,4,4,4,4,4,4,4,4,4
chr02_009167112,4,4,4,4,4,4,4,4,4,4,4,4,4,4,4,4,4,4
chr02_009551395,4,4,4,4,4,4,4,4,4,4,4,4,4,4,4,4,4,4
chr02_010178207,0,3,0,0,0,0,0,4,0,0,0,0,0,0,0,0,0,2
chr02_010589428,4,4,4,4,4,4,4,4,4,4,4,4,4,4,4,4,4,4
chr02_010589532,4,3,4,3,4,4,4,2,4,2,4,4,4,4,3,2,4,4
chr02_010927625,4,4,4,4,3,4,4,3,4,4,4,3,3,4,4,4,4,4
chr02_011263944,4,4,4,3,4,4,4,3,4,4,4,4,3,4,4,4,4,4
chr02_011323538,4,4,4,4,4,4,4,2,4,4,4,4,3,4,4,4,4,4
chr02_011409656,2,0,0,1,0,1,0,0,0,0,1,1,1,0,0,1,0,1
chr02_011602187,4,4,4,4,4,4,4,4,4,4,4,4,4,4,4,4,4,4
chr02_011730619,4,4,4,4,4,4,4,4,4,4,4,4,4,4,4,4,4,4
chr02_011741882,1,0,1,0,0,0,0,2,0,0,0,0,0,0,0,0,0,0
chr02_011750556,4,4,4,4,0,4,4,2,2,4,4,4,4,4,4,4,4,4
chr02_013483139,4,4,4,4,4,4,4,4,4,4,4,4,4,4,4,4,4,4
chr02_013727826,4,4,4,4,4,2,4,4,4,4,2,2,3,4,4,4,4,2
chr02_013769419,0,0,0,0,0,1,0,0,0,0,2,1,1,0,2,0,0,2
chr02_014716098,4,4,4,4,4,4,4,4,4,4,4,4,4,4,4,4,4,4
chr02_014716150,4,4,4,2,3,4,4,4,4,4,4,4,3,4,3,4,4,4
chr02_015007978,0,0,0,0,0,0,0,0,0,0,0,0,0,0,0,0,0,0
chr02_015096663,4,4,4,4,4,4,4,4,4,4,4,4,4,4,4,4,4,4
chr02_015149323,4,4,4,4,4,4,4,4,4,4,4,4,4,4,4,4,4,4
chr02_015414824,0,0,0,0,1,0,0,0,0,0,0,1,2,0,2,0,0,0
chr02_016369950,4,4,4,4,4,4,4,1,4,4,4,0,4,4,4,4,4,4
chr02_016562161,4,4,4,4,4,4,4,4,4,4,4,4,4,4,3,4,4,4
chr02_017109149,4,4,4,4,4,4,4,4,4,4,4,4,4,4,4,4,4,4
chr02_018887712,4,4,4,4,4,4,4,4,4,4,3,4,4,4,4,4,4,4
chr02_021038289,4,4,4,4,4,4,4,4,4,4,4,4,4,4,4,4,4,4
chr02_021038347,0,1,0,0,0,0,0,1,0,0,0,0,0,0,1,0,0,0
chr02_021167457,0,0,0,0,0,0,0,0,0,0,0,0,0,0,0,0,0,0
chr02_021441855,0,2,0,0,0,0,0,1,0,0,0,0,0,0,2,0,0,0
chr02_022058065,0,0,0,0,0,0,0,0,0,0,0,0,0,0,0,0,0,0
chr02_023441529,3,4,4,4,4,4,4,4,4,4,3,4,2,4,4,4,4,4
chr02_023916119,4,4,4,4,4,4,4,2,4,4,4,4,4,4,4,4,4,4
chr02_024076170,0,0,0,0,0,0,0,0,0,0,0,0,0,0,2,0,0,0
chr02_024425393,4,4,4,4,4,4,4,4,4,4,4,4,4,4,4,4,4,4
chr02_024888319,4,4,4,4,4,4,4,4,4,4,4,4,4,4,3,4,4,4
chr02_025752929,4,4,4,4,4,4,4,4,4,4,4,4,4,4,4,4,4,4
chr02_025844269,4,4,1,2,4,4,1,3,4,2,4,0,3,0,1,4,2,4
chr02_026202722,0,0,0,0,0,0,0,0,0,0,0,0,0,0,0,0,0,0
chr02_026753556,4,4,4,3,4,4,4,4,4,4,4,4,4,4,4,4,3,4
chr02_027020941,4,4,4,4,3,4,4,4,4,4,4,4,4,4,4,4,4,4
chr02_027021015,0,0,0,0,0,0,0,0,0,0,0,0,0,0,0,0,0,0
chr02_027075905,4,4,4,4,4,4,4,4,4,4,4,4,4,4,4,4,4,4
chr02_027381410,4,4,4,4,4,4,4,4,4,4,4,4,4,4,4,4,4,4
chr02_027382144,0,0,0,0,0,0,0,0,0,0,0,0,0,0,0,0,0,0
chr02_027973850,4,4,4,4,4,4,4,4,4,4,4,4,4,4,4,4,4,4
chr02_028271516,4,4,4,4,4,4,4,4,4,4,4,4,4,4,4,4,4,4
chr02_028271554,4,4,4,4,4,4,3,4,3,4,4,4,4,4,4,4,4,4
chr02_028271581,4,4,4,4,4,4,4,4,4,4,4,4,4,4,4,4,4,4
chr02_029437919,4,4,4,3,3,2,3,3,2,3,3,4,2,3,3,3,4,3
chr02_029693120,4,4,4,4,4,4,4,4,4,4,4,4,4,4,4,4,4,2
chr02_029807791,3,4,4,3,4,3,4,3,3,4,3,2,2,4,3,3,4,3
chr02_029821059,0,0,0,0,0,0,0,0,0,0,0,0,0,0,0,0,0,0
chr02_029823143,4,4,4,4,4,4,4,4,4,4,4,4,4,4,4,4,4,4
chr02_030548194,4,4,4,4,4,4,4,4,4,4,4,4,4,4,4,4,4,4
chr02_030574416,4,4,4,4,4,4,4,4,4,4,4,4,4,4,4,4,4,4
chr02_030574437,4,4,4,4,4,4,4,4,4,4,4,4,4,4,4,4,4,4
chr02_030574526,4,4,4,4,4,4,4,4,4,4,4,4,4,4,4,4,4,4
chr02_030812795,4,4,4,4,4,4,4,4,4,4,4,4,4,4,4,4,4,4
chr02_030832430,3,4,4,4,3,4,3,3,4,3,4,4,4,2,4,4,2,4
chr02_030832537,4,4,4,4,4,4,4,4,4,4,4,4,4,4,4,4,4,4
chr02_030966117,4,4,4,4,4,4,4,4,4,4,4,3,3,4,4,4,4,4
chr02_031384151,4,4,4,4,4,4,4,4,4,4,4,4,4,4,4,4,4,4
chr02_031384173,4,4,4,4,4,4,4,4,4,4,4,4,4,4,4,4,4,4
chr02_031508817,4,4,4,4,4,4,4,4,4,4,4,4,4,4,4,4,4,4
chr02_031848846,2,4,4,4,4,3,1,2,4,3,1,2,0,0,4,3,4,4
chr02_032251451,0,0,0,0,0,0,1,2,2,1,1,0,1,3,0,1,0,0
chr02_032251507,4,4,4,4,4,4,4,4,4,4,4,4,4,4,4,4,4,4
chr02_032251546,4,4,4,4,4,4,4,4,4,4,4,4,4,4,4,4,4,4
chr02_032251584,4,4,4,4,4,4,4,4,4,4,4,4,4,4,4,4,4,4
chr02_032894268,4,4,4,4,4,4,4,4,4,4,4,4,4,4,4,4,4,4
chr02_032894325,2,4,4,4,3,4,3,4,4,4,4,4,4,4,4,4,4,4
chr02_032916864,4,4,4,4,4,4,4,4,4,4,4,4,4,4,4,4,4,4
chr02_033057973,4,4,4,4,4,4,4,4,4,4,4,4,4,4,4,4,4,4
chr02_033791781,4,4,4,4,4,4,4,4,4,4,4,4,4,4,4,4,4,4
chr02_033791944,2,3,2,2,4,4,3,4,2,2,2,0,4,0,3,4,3,4
chr02_033903550,0,0,0,0,0,0,0,0,1,0,0,0,0,0,1,0,1,0
chr02_033931247,1,0,0,0,0,1,1,0,0,2,0,0,0,0,0,2,0,1
chr02_034048173,3,3,4,3,3,4,4,4,4,4,4,4,4,4,4,4,2,3
chr02_034114251,4,4,4,4,4,4,4,4,4,4,4,4,4,4,4,4,4,4
chr02_034214976,4,2,1,4,1,1,2,1,2,4,4,4,4,3,1,3,2,0
chr02_034662499,3,4,4,4,4,4,3,4,4,4,4,4,4,4,4,4,4,4
chr02_034961557,4,4,4,4,4,4,4,2,3,4,4,3,4,0,4,1,4,2
chr02_034961740,0,4,4,4,3,1,4,3,4,4,4,3,4,2,4,2,4,2
chr02_035003827,4,3,2,3,4,3,4,1,3,3,4,3,4,3,4,3,1,3
chr02_035003851,4,3,4,4,4,4,4,2,4,4,4,4,4,3,4,3,4,4
chr02_035008127,4,4,4,4,4,4,4,4,4,4,4,4,4,4,4,4,4,4
chr02_035185310,4,4,4,4,4,4,4,4,4,4,4,4,4,4,4,4,4,4
chr02_035504039,4,4,4,4,4,4,4,4,4,4,4,4,4,4,4,3,4,4
chr02_036143226,4,4,4,4,3,3,4,3,4,4,4,4,4,4,4,4,4,4
chr02_036143301,3,3,3,3,4,4,4,4,4,4,4,4,4,3,4,4,4,4
chr02_036582174,0,0,0,0,0,0,0,0,0,0,0,0,0,0,0,1,0,0
chr02_037447361,4,4,4,4,4,4,4,4,4,4,4,4,4,4,4,4,4,4
chr02_037729930,4,4,4,4,3,3,4,4,4,4,3,4,2,4,4,4,1,4
chr02_037754301,4,4,4,4,4,4,4,4,4,4,4,4,4,4,4,4,4,4
chr02_038292141,4,4,4,4,4,4,4,4,4,4,4,4,4,4,4,4,4,4
chr02_038575814,4,4,4,4,4,4,4,4,4,4,4,4,4,4,4,4,4,4
chr02_039073674,0,0,0,0,0,0,0,0,0,0,0,0,0,0,0,0,0,0
chr03_000059682,4,1,1,0,0,1,0,0,0,0,3,1,3,1,1,0,2,1
chr03_000826444,3,4,4,4,4,4,4,4,4,4,4,4,4,3,3,4,4,3
chr03_001072117,4,4,4,4,4,4,4,4,4,4,4,4,4,4,4,4,4,4
chr03_001118887,4,4,4,4,4,4,4,4,4,4,4,4,4,4,4,4,4,4
chr03_001346486,3,3,4,4,4,3,4,4,3,4,2,3,4,4,4,4,2,2
chr03_001346528,4,4,4,4,4,4,4,4,4,4,4,4,4,4,4,4,4,4
chr03_001346562,4,4,4,4,4,4,4,4,4,4,4,4,4,4,4,4,4,4
chr03_001528328,1,4,0,4,0,1,0,0,2,0,0,1,1,4,0,0,0,2
chr03_001628334,4,4,4,4,4,4,4,4,4,4,4,4,4,4,4,4,4,4
chr03_001632089,4,4,4,4,3,3,4,4,4,4,4,4,4,4,4,4,4,4
chr03_001873190,4,4,4,4,4,4,4,4,4,4,4,4,4,4,4,4,4,4
chr03_001873393,4,4,4,4,4,4,4,4,4,4,4,4,4,4,4,4,4,4
chr03_001960943,4,3,4,3,3,3,4,4,4,4,4,4,3,4,3,4,4,4
chr03_002219376,4,4,4,4,4,4,4,4,4,4,4,4,4,4,4,4,4,4
chr03_002448239,3,4,4,4,3,3,4,4,3,4,2,4,3,4,4,4,2,3
chr03_003415470,2,4,3,4,4,4,4,3,3,4,3,3,2,3,4,4,4,4
chr03_003440421,2,1,1,0,0,0,1,1,1,2,1,2,2,4,1,4,0,1
chr03_003444121,0,4,4,4,4,4,4,4,2,4,0,4,0,3,4,4,4,4
chr03_003977446,4,4,4,4,4,4,4,4,3,4,2,4,2,4,4,4,4,4
chr03_004293528,1,0,0,2,0,2,0,0,0,0,0,0,0,0,0,0,0,0
chr03_004751471,4,4,4,4,4,4,4,4,4,4,4,4,4,4,4,4,4,4
chr03_004751524,0,0,0,0,0,0,0,0,0,0,0,0,0,0,0,0,0,0
chr03_004816697,0,0,0,0,0,0,0,0,0,0,0,0,0,0,0,0,0,0
chr03_004818036,4,4,4,3,2,2,4,4,4,4,4,4,2,4,4,4,4,4
chr03_004822657,3,4,4,4,4,4,4,3,4,4,4,4,4,4,3,4,4,2
chr03_005135213,4,4,4,4,4,4,4,4,4,4,4,4,4,4,4,4,4,4
chr03_005693184,4,4,3,3,4,4,3,3,4,4,4,4,4,4,4,4,3,4
chr03_005693367,2,2,3,2,1,3,2,1,1,4,3,0,3,3,2,1,1,3
chr03_006057159,4,4,4,4,4,4,4,4,4,4,4,4,4,4,4,4,4,4
chr03_006304931,4,4,4,4,4,4,4,4,4,4,4,4,4,4,4,4,4,4
chr03_006591500,4,4,4,4,4,4,4,4,4,3,4,4,4,4,4,4,4,4
chr03_006790950,4,4,4,4,4,4,4,4,4,4,4,4,4,4,4,4,4,4
chr03_007079961,4,4,4,4,4,4,4,4,4,4,4,4,4,4,4,4,4,4
chr03_007109519,4,4,4,4,4,4,4,4,4,4,4,4,4,4,4,4,4,4
chr03_007109647,4,4,4,4,4,4,4,4,4,4,4,4,4,4,4,4,4,4
chr03_007265091,4,4,4,4,4,4,4,4,4,4,4,4,4,4,4,4,4,4
chr03_007690352,4,4,4,4,4,2,4,3,3,4,3,4,4,3,3,4,4,4
chr03_008002420,4,4,4,4,4,4,4,4,4,4,4,4,4,4,4,4,4,4
chr03_008002459,1,2,0,0,0,0,1,1,0,0,2,0,1,1,0,0,0,0
chr03_008002478,4,4,4,4,4,4,4,4,4,4,4,4,4,4,4,4,4,4
chr03_008002516,4,4,4,4,4,4,4,4,4,2,4,4,4,4,4,4,0,4
chr03_008690174,4,4,4,4,4,4,4,4,4,4,4,4,4,4,4,4,4,4
chr03_008805496,0,0,0,1,0,0,0,2,3,0,0,0,2,0,2,0,0,2
chr03_009517631,4,4,4,4,4,4,4,4,4,4,4,4,4,4,4,4,4,4
chr03_010131436,2,4,1,1,3,2,3,4,3,3,2,2,1,3,4,2,3,2
chr03_010154368,0,0,0,0,0,0,0,0,0,0,0,0,0,0,0,0,0,0
chr03_010614989,0,0,0,0,0,0,0,0,0,0,0,0,0,0,0,0,0,0
chr03_011013029,0,1,0,0,0,2,0,0,1,0,0,1,0,0,0,1,0,0
chr03_011155236,0,4,4,4,4,4,0,4,4,1,4,4,4,4,0,4,4,3
chr03_011612060,4,4,4,4,4,4,3,4,4,4,4,4,4,4,4,4,4,4
chr03_011934996,0,0,0,0,0,0,1,0,0,0,0,0,0,0,0,0,0,0
chr03_013008327,2,3,3,4,4,4,4,4,4,4,4,3,4,3,4,4,4,2
chr03_013511587,0,0,1,1,2,3,0,0,0,1,0,1,1,0,1,1,0,0
chr03_013919007,4,4,4,4,4,4,4,4,4,4,4,4,4,4,4,4,4,4
chr03_014132286,4,4,4,3,3,3,4,2,4,4,4,4,4,4,4,4,4,4
chr03_014225898,4,4,4,4,4,4,4,4,4,4,4,4,4,4,4,4,4,4
chr03_014302649,0,0,0,0,0,0,1,2,0,0,0,1,0,0,1,0,1,0
chr03_014476621,4,4,4,4,4,4,4,4,4,4,4,4,4,4,4,4,4,4
chr03_014476759,0,0,0,1,1,0,0,0,0,0,1,0,1,0,1,0,0,1
chr03_014476787,4,4,4,4,4,4,4,4,4,4,4,4,4,4,4,4,4,4
chr03_015027053,4,4,4,4,4,4,4,4,4,4,4,4,4,4,4,4,4,4
chr03_015706835,1,3,3,1,2,1,3,3,4,2,4,2,4,2,3,2,4,2
chr03_016347226,4,4,4,4,4,4,4,4,4,4,4,4,4,4,4,4,4,4
chr03_016612426,1,3,3,0,0,2,0,4,4,4,4,2,0,1,4,4,4,1
chr03_017192073,4,4,4,4,4,4,3,4,4,4,4,4,4,4,4,4,4,4
chr03_017277730,0,0,0,0,1,3,0,1,1,1,0,1,0,0,0,1,1,0
chr03_018227227,4,4,4,4,4,4,3,4,4,4,4,4,4,4,4,4,4,4
chr03_018624912,4,4,4,4,4,4,4,4,4,4,4,4,4,4,4,4,4,4
chr03_018730739,3,2,3,3,2,3,0,3,1,4,4,4,3,1,4,2,0,3
chr03_018981987,4,4,4,4,4,4,3,4,4,4,4,4,4,4,4,4,4,4
chr03_019062058,4,4,4,3,3,3,3,3,3,4,4,4,4,3,4,4,4,4
chr03_019590642,4,4,4,3,4,3,3,4,4,4,4,4,4,3,4,4,4,3
chr03_020282880,4,2,4,4,4,4,2,4,4,4,4,4,4,4,4,4,3,4
chr03_020339031,1,0,2,2,1,2,2,4,3,1,3,4,2,0,4,4,2,2
chr03_020346303,4,4,4,4,4,4,4,4,4,4,4,4,4,4,4,4,4,4
chr03_020984675,2,1,4,1,4,4,0,2,0,0,4,4,0,2,4,3,4,0
chr03_021344748,4,4,4,4,4,4,4,4,4,4,4,4,4,4,4,4,4,4
chr03_021606826,4,4,4,3,4,4,4,4,4,4,4,4,4,4,4,4,4,3
chr03_022098058,3,3,3,3,3,4,4,2,3,4,4,4,4,3,3,2,3,3
chr03_022303164,4,4,4,4,4,4,4,4,4,4,4,4,4,4,4,4,4,4
chr03_022852144,4,3,4,3,3,2,2,4,4,4,4,4,4,4,4,4,4,3
chr03_022998646,4,4,4,4,4,4,4,4,4,4,4,4,4,4,4,4,4,4
chr03_023052670,4,4,4,4,4,4,4,4,4,4,4,4,4,4,4,4,4,4
chr03_023432708,3,4,3,4,3,2,2,3,4,3,4,4,4,2,4,3,2,3
chr03_023451655,0,0,0,0,0,1,1,4,1,1,1,1,2,0,0,1,0,2
chr03_024235625,4,3,3,2,3,4,3,3,2,4,4,4,4,3,3,2,4,3
chr03_024235654,4,4,4,4,4,4,4,4,4,4,4,4,4,4,4,4,4,4
chr03_024235760,4,4,4,4,4,4,4,4,4,4,4,4,4,4,4,4,4,4
chr03_024235832,4,3,3,2,3,4,3,2,2,4,4,4,4,3,3,2,4,3
chr03_024310225,0,0,1,0,0,0,0,0,1,0,1,0,3,1,0,0,0,1
chr03_024310313,4,4,4,4,4,4,4,4,4,4,4,4,4,4,4,4,4,4
chr03_024644041,0,1,1,0,1,0,1,0,4,1,2,0,2,1,0,0,0,1
chr03_025023783,4,4,4,4,4,4,4,4,4,4,4,4,4,4,4,4,4,4
chr03_025302434,0,0,0,0,0,0,0,0,0,0,0,0,0,0,0,0,0,0
chr03_025592266,2,0,2,2,1,3,0,1,0,0,2,4,0,3,4,1,1,1
chr03_025871375,4,4,4,4,4,4,4,4,4,4,4,4,4,4,4,4,4,4
chr03_026047967,4,4,4,4,4,4,4,4,4,4,4,4,4,4,4,4,4,4
chr03_026322717,2,4,4,2,4,4,4,2,4,4,3,4,2,3,3,2,3,3
chr03_026500531,0,0,0,0,0,0,0,0,0,0,0,0,0,0,0,0,0,0
chr03_026852215,0,1,1,1,2,2,0,1,2,1,0,1,0,1,1,1,2,1
chr03_026866013,0,0,0,1,0,0,0,0,0,0,1,0,0,0,0,1,0,0
chr03_027132796,4,1,4,4,3,0,2,4,4,4,4,2,0,0,4,0,0,4
chr03_027449581,4,4,4,4,4,4,4,4,3,4,4,4,4,4,4,4,4,4
chr03_027542326,4,2,2,3,4,2,3,2,4,2,1,4,2,1,4,2,4,4
chr03_028181180,4,4,4,2,4,2,4,0,4,4,3,4,2,2,4,2,4,4
chr03_028282723,4,4,4,4,4,4,4,4,4,4,4,4,4,4,4,4,4,4
chr03_028294150,2,2,2,2,2,1,2,2,1,1,2,3,2,3,2,0,3,3
chr03_028406897,4,4,4,4,4,4,4,4,4,4,4,4,4,4,4,4,4,4
chr03_028585873,4,4,4,4,4,4,4,4,4,4,4,4,4,4,4,4,4,4
chr03_029096387,4,4,4,4,4,4,4,4,4,4,4,4,4,4,4,4,4,4
chr03_029096424,4,4,4,4,4,4,4,4,4,4,4,4,4,4,4,4,4,4
chr03_029096518,4,4,4,4,4,4,4,4,4,4,4,4,4,4,4,4,4,4
chr03_029282349,4,4,4,3,4,3,4,4,4,3,4,3,4,4,4,2,4,4
chr03_029384806,0,0,0,0,0,0,2,2,2,2,0,0,0,0,0,0,0,4
chr03_029581024,4,4,4,4,4,4,4,4,4,4,4,4,4,4,4,4,4,4
chr03_029581066,0,0,0,0,0,0,1,0,0,0,0,0,0,0,0,0,0,0
chr03_029640731,4,4,4,4,4,4,4,4,3,4,4,4,4,4,4,3,4,4
chr03_030010506,4,4,4,4,4,4,4,4,4,4,4,4,4,4,4,4,4,4
chr03_030052012,4,4,4,4,4,4,4,4,4,4,4,4,4,4,4,4,4,4
chr03_030052087,4,4,4,4,4,4,4,4,4,4,4,4,4,4,4,4,4,4
chr03_030194409,4,4,4,4,4,4,4,4,4,4,4,4,4,4,4,4,4,4
chr03_030502290,0,1,0,0,2,3,0,2,2,2,2,1,1,2,2,1,0,1
chr03_031096283,4,0,0,1,0,0,4,4,0,0,2,1,0,0,0,0,4,4
chr03_031426486,4,4,4,4,4,4,4,3,3,4,4,4,4,4,4,4,4,4
chr03_031426633,4,4,4,4,3,4,4,4,4,4,4,4,4,4,4,4,4,4
chr03_031887928,4,4,4,4,4,4,4,4,4,4,4,4,4,4,4,3,4,4
chr03_031887982,2,0,1,0,3,4,1,4,2,0,2,2,3,2,1,2,2,0
chr03_031888055,3,0,2,0,4,4,3,4,2,0,3,3,3,3,3,3,3,1
chr03_032155334,4,4,4,4,4,4,4,4,4,3,4,4,4,4,4,4,4,4
chr03_032155380,4,4,4,4,4,4,4,4,4,4,4,4,4,4,4,4,4,4
chr03_032155434,4,0,2,1,1,1,3,3,1,4,2,1,2,1,2,1,4,3
chr03_032155467,4,4,4,4,4,4,4,4,4,4,4,4,4,4,4,4,4,4
chr03_032161138,2,0,2,4,0,0,4,4,1,0,2,0,2,4,1,2,0,4
chr03_032346429,4,4,4,4,4,4,3,3,4,4,3,4,4,2,4,4,4,3
chr03_032632400,4,4,4,4,4,4,4,4,4,4,4,4,4,4,4,4,4,4
chr03_032703445,2,2,4,3,4,4,2,3,4,4,3,4,3,4,4,4,4,4
chr03_032935526,0,1,1,1,1,1,1,0,1,1,1,0,0,3,1,0,0,1
chr03_033702179,1,2,4,0,0,0,0,4,4,0,0,2,0,0,4,4,4,4
chr03_033827450,4,4,4,3,4,4,3,4,4,4,4,4,4,4,4,4,4,0
chr03_033827495,4,4,4,4,4,4,4,4,4,4,4,4,4,4,4,4,4,4
chr03_033827649,4,4,4,4,4,4,4,4,4,4,4,4,4,4,4,4,4,4
chr03_034002981,4,4,4,4,4,4,4,4,4,4,4,4,4,4,4,4,4,4
chr03_034448287,4,4,4,4,4,4,4,4,4,4,4,4,4,4,4,4,4,4
chr03_034448315,1,1,1,0,2,3,3,0,3,2,1,1,2,4,3,0,2,3
chr03_034448344,4,4,4,4,4,4,4,4,4,4,4,4,4,4,4,4,4,4
chr03_034448393,4,4,4,4,4,4,4,4,4,4,4,4,4,4,4,4,4,4
chr03_035013866,4,2,4,2,2,3,3,2,1,4,3,3,3,3,3,2,2,3
chr03_035108771,0,0,0,0,1,1,1,0,0,1,0,1,0,3,0,1,1,1
chr03_035523338,2,0,3,0,2,1,1,2,0,0,0,0,0,0,1,0,0,0
chr03_035906951,4,4,3,4,4,4,3,3,4,4,3,3,3,4,3,4,4,4
chr03_035909856,1,0,1,0,0,1,0,0,0,0,1,0,0,1,0,0,1,3
chr03_036236252,4,4,3,4,4,4,4,4,4,4,4,4,4,4,4,4,4,4
chr03_036618909,3,4,3,3,4,3,3,4,2,4,4,4,4,4,4,3,4,4
chr04_000422237,3,4,4,4,3,4,4,4,4,4,4,4,4,4,0,4,3,4
chr04_000488486,4,4,4,4,4,4,4,4,4,4,4,4,4,4,4,4,4,4
chr04_000629659,4,4,4,4,4,4,4,4,4,4,4,4,4,4,4,4,4,2
chr04_000847438,4,4,4,4,4,4,4,4,4,4,4,4,4,4,4,4,4,4
chr04_000976297,1,1,0,0,0,0,1,1,0,0,0,1,0,0,0,0,1,2
chr04_001956986,4,4,4,4,4,4,4,4,4,4,4,4,4,4,4,4,4,4
chr04_001957006,3,4,4,3,4,4,3,3,4,4,4,4,4,4,4,3,4,2
chr04_001986490,4,4,4,4,4,4,4,4,4,4,4,4,4,4,4,4,4,4
chr04_002345551,4,4,4,4,4,3,4,4,4,4,4,4,4,4,4,4,4,4
chr04_002345618,0,1,0,0,0,1,2,2,1,0,1,1,1,0,4,0,2,2
chr04_002436363,4,4,4,4,4,4,4,4,4,4,4,4,4,4,4,4,4,4
chr04_002436571,4,4,4,4,4,4,4,4,4,4,4,4,4,4,4,4,4,4
chr04_002471441,4,4,4,4,4,4,4,3,4,4,3,4,3,4,3,4,4,3
chr04_002471511,4,4,4,4,4,4,4,4,4,4,4,4,4,4,4,4,4,4
chr04_002576971,2,0,1,0,1,2,0,1,0,1,1,2,2,0,3,0,3,2
chr04_002592756,4,4,4,4,4,4,4,4,4,4,4,4,4,4,4,4,4,4
chr04_002592859,4,4,4,4,4,4,4,4,4,4,4,4,4,4,4,4,4,4
chr04_002592919,4,4,4,4,4,4,4,4,4,4,4,4,4,4,4,4,4,4
chr04_002694804,4,4,4,4,4,4,4,4,4,4,4,4,4,4,4,4,4,4
chr04_003075775,0,1,4,1,1,1,4,3,1,3,0,2,0,1,1,3,4,4
chr04_003075916,4,4,4,4,4,4,4,4,4,4,4,4,4,4,4,4,4,4
chr04_003133075,4,4,4,4,4,4,4,4,4,4,3,4,4,4,4,4,4,4
chr04_003408188,4,4,4,4,4,4,4,4,4,4,4,4,4,4,4,4,4,4
chr04_003408393,3,1,3,4,4,1,1,1,0,1,4,1,4,1,3,0,4,2
chr04_003408577,1,1,1,1,0,0,1,1,0,0,1,0,1,0,2,0,2,2
chr04_003588119,4,1,4,4,4,4,4,4,4,2,4,0,4,4,4,4,3,3
chr04_003590487,4,4,4,4,4,4,4,4,4,4,4,4,4,4,4,4,4,4
chr04_003653089,1,2,1,1,3,1,2,1,0,1,0,1,0,0,2,0,2,1
chr04_003682800,0,2,0,0,2,0,2,0,2,2,0,1,0,0,0,0,2,0
chr04_003683243,3,4,3,3,3,3,3,3,4,4,4,4,4,4,3,4,3,3
chr04_003833820,4,4,4,4,4,4,4,4,4,4,4,4,4,4,4,4,4,4
chr04_003930171,4,4,4,4,4,4,4,4,4,4,4,4,4,4,4,4,4,4
chr04_003933996,4,4,4,4,4,4,4,4,4,4,4,4,4,4,4,4,4,4
chr04_003934053,3,3,4,4,4,4,3,4,4,4,4,4,4,3,4,4,4,4
chr04_004233955,0,0,0,0,0,0,0,0,0,0,0,0,0,0,0,0,1,0
chr04_004238292,4,4,4,4,4,4,4,4,4,4,4,4,4,4,4,4,4,4
chr04_005170255,4,4,4,4,4,4,4,4,4,4,4,4,4,4,4,4,4,4
chr04_005477225,4,4,4,4,4,4,4,4,4,4,4,4,4,4,4,4,4,4
chr04_005480937,4,4,4,4,4,4,4,3,4,4,4,4,4,4,4,4,4,4
chr04_005482022,4,4,4,4,4,4,4,4,4,4,4,4,4,4,4,4,4,4
chr04_005528839,4,4,4,4,4,4,4,4,4,4,4,4,4,4,4,4,4,4
chr04_005922133,4,4,4,4,4,4,4,4,4,4,4,4,4,4,4,4,4,4
chr04_005922155,4,4,4,4,4,4,4,4,4,4,4,4,4,4,4,4,4,4
chr04_006515091,0,0,0,0,0,0,0,0,0,0,0,0,0,0,0,0,0,0
chr04_006557529,1,0,2,0,0,1,0,0,0,1,0,0,0,0,1,4,1,0
chr04_006678351,4,2,4,4,4,3,4,2,4,2,4,4,4,4,4,4,4,4
chr04_006678409,4,4,4,4,4,4,4,4,4,4,4,4,4,4,4,4,4,4
chr04_006700385,4,4,3,4,4,4,4,4,3,4,2,2,3,4,4,4,4,4
chr04_006719136,0,2,1,2,1,1,4,0,4,3,4,2,4,1,4,0,4,0
chr04_006748165,0,0,0,0,0,1,0,0,0,1,1,0,0,0,1,2,1,0
chr04_006748357,4,2,0,1,0,1,1,3,2,2,2,1,1,1,2,2,2,2
chr04_006748382,4,4,4,4,4,4,4,4,4,4,4,4,4,4,4,4,4,4
chr04_006765223,0,0,0,0,0,0,0,0,0,0,0,0,0,0,0,0,0,0
chr04_006958475,0,0,0,0,0,0,0,0,0,0,0,0,0,0,0,0,0,0
chr04_007274404,4,4,4,4,4,4,4,4,4,4,4,4,4,4,4,4,4,4
chr04_007550755,0,2,1,2,3,3,1,2,2,2,2,3,3,1,2,1,1,2
chr04_007550836,1,2,4,4,4,4,4,3,4,3,3,4,4,2,4,1,3,3
chr04_008048981,2,3,2,4,4,3,4,3,3,4,3,4,3,4,4,4,4,3
chr04_008367846,4,2,4,4,4,4,3,2,2,1,4,4,4,3,2,4,3,4
chr04_008464853,4,4,4,4,4,4,4,4,4,4,4,4,4,4,4,4,4,4
chr04_008472478,0,0,0,0,0,0,0,0,0,0,0,0,0,0,0,0,0,0
chr04_008472669,4,1,2,2,2,1,2,2,0,1,4,3,4,2,1,0,2,3
chr04_008592045,4,4,4,4,4,4,4,4,4,4,4,4,4,4,4,4,4,4
chr04_008592094,4,4,2,4,4,4,3,4,4,4,4,4,4,4,4,4,4,4
chr04_008774461,0,0,0,0,0,0,0,0,0,0,0,0,0,0,0,0,0,0
chr04_008894914,2,1,4,3,4,4,3,4,1,3,0,4,1,2,2,4,3,4
chr04_008894970,4,4,3,3,0,2,4,3,4,4,4,4,4,3,4,4,4,3
chr04_008895070,4,4,4,4,4,4,4,4,4,4,4,4,4,4,4,4,4,4
chr04_008895117,1,1,2,2,0,0,1,0,0,1,0,0,3,1,0,1,2,0
chr04_009366192,4,4,4,4,4,4,4,4,4,4,4,4,4,4,4,4,4,4
chr04_009366306,1,2,1,1,1,0,1,1,1,2,2,2,3,1,0,2,1,1
chr04_009584740,1,0,0,0,0,0,2,0,0,0,0,1,0,0,0,1,2,1
chr04_009760802,3,4,4,4,4,3,3,4,4,4,4,3,4,4,4,3,3,4
chr04_010262869,0,0,0,0,0,0,0,0,0,0,0,0,0,0,0,0,0,0
chr04_010267155,4,1,1,2,4,4,4,4,2,4,1,1,3,1,0,2,3,3
chr04_011129236,4,4,4,4,4,4,4,4,4,4,4,4,4,4,4,4,4,4
chr04_011913319,4,4,4,4,4,4,4,4,4,4,4,4,4,4,4,4,4,4
chr04_012139484,4,4,4,4,4,4,4,4,4,4,4,4,4,4,4,4,4,4
chr04_012140979,4,3,4,4,3,4,4,4,4,4,3,4,3,4,3,4,4,3
chr04_012566505,2,0,1,0,2,0,1,2,1,0,0,2,2,0,0,1,1,2
chr04_012633210,4,4,4,4,4,4,4,4,4,4,4,4,3,4,4,4,4,3
chr04_013350018,0,0,0,0,1,0,0,0,0,0,0,0,0,0,0,0,0,0
chr04_013350194,4,4,4,4,4,4,4,4,3,4,4,4,4,4,4,2,4,3
chr04_013382966,4,4,4,4,4,4,4,4,4,4,4,4,3,4,4,3,4,3
chr04_013456446,2,4,4,4,3,3,2,4,4,3,4,4,4,4,4,3,4,4
chr04_014625652,4,4,4,4,4,4,4,4,4,4,4,4,4,4,4,4,4,4
chr04_015584655,0,0,0,0,1,1,0,1,0,0,0,0,0,0,0,0,0,0
chr04_016990270,4,4,4,4,2,2,4,1,4,4,4,4,4,4,4,4,4,4
chr04_017098678,4,4,3,4,4,4,4,4,3,4,4,4,4,2,4,2,4,3
chr04_018660390,0,0,0,0,0,0,0,0,0,0,0,0,0,0,0,0,0,0
chr04_018665615,0,0,0,1,0,0,0,0,0,0,0,0,0,0,0,0,0,0
chr04_019039902,4,4,4,4,4,4,4,4,4,4,4,4,4,4,4,4,4,4
chr04_019039984,4,4,4,4,4,4,4,4,4,4,4,4,4,4,4,4,4,4
chr04_019040070,4,4,4,4,4,4,4,4,4,4,4,4,4,4,4,4,4,4
chr04_019397441,4,4,4,4,4,4,4,4,4,4,4,4,4,4,4,4,4,4
chr04_019914195,4,0,0,0,1,2,0,1,1,1,0,0,0,0,0,2,0,1
chr04_020916095,4,4,4,4,4,4,4,4,4,4,3,4,3,4,4,4,4,4
chr04_021939272,4,4,4,4,4,4,4,4,4,4,4,4,4,4,4,4,4,4
chr04_022358222,4,4,4,4,4,4,4,4,4,4,4,4,4,4,4,4,4,4
chr04_022358269,4,4,4,4,4,4,4,4,4,4,4,4,4,4,4,4,4,4
chr04_022358348,4,4,3,4,4,4,4,4,4,4,4,4,4,4,4,4,4,4
chr04_022505399,0,0,0,0,0,0,0,0,0,0,0,0,0,0,0,0,0,0
chr04_023024557,4,4,4,3,3,3,4,4,4,3,4,4,4,4,3,3,4,3
chr04_024191050,0,0,0,0,0,0,1,0,0,0,0,0,0,0,0,0,0,1
chr04_024191075,4,4,4,4,4,4,4,4,4,4,4,4,4,4,4,4,4,4
chr04_024191133,4,4,4,4,4,4,4,4,4,4,4,4,4,4,4,4,4,4
chr04_024191151,4,4,4,4,4,4,4,4,4,4,4,4,4,4,4,4,4,4
chr04_024252554,4,4,4,4,4,4,4,2,4,4,4,4,4,4,4,4,4,4
chr04_024611083,4,4,4,4,4,4,3,4,4,4,4,4,4,4,4,4,4,4
chr04_024996093,4,4,4,4,4,4,4,4,4,4,4,4,4,4,4,4,4,4
chr04_025112157,4,2,2,3,4,4,2,4,4,3,3,4,4,4,4,3,4,4
chr04_025112181,4,4,4,4,4,4,4,4,4,4,4,4,4,4,4,4,4,4
chr04_025274056,4,3,2,3,3,3,3,4,3,4,3,3,4,4,4,4,4,3
chr04_025376659,4,0,0,0,0,0,0,0,0,0,0,0,0,0,0,0,0,0
chr04_025379138,4,3,2,4,2,3,2,4,2,4,4,2,4,4,4,4,4,0
chr04_025821586,4,3,2,1,3,3,3,4,4,2,0,3,4,4,4,4,3,4
chr04_025821709,4,4,4,3,3,2,4,4,4,3,0,4,4,4,4,4,4,4
chr04_025862464,4,4,4,2,0,0,4,4,4,2,0,4,4,4,4,4,4,4
chr04_026375013,4,4,4,4,4,4,4,4,4,4,4,4,4,4,4,4,4,4
chr04_026748307,4,4,4,3,3,4,4,4,3,4,4,4,4,4,4,4,4,4
chr04_026748347,4,4,4,3,4,4,4,4,4,4,4,4,4,4,4,4,4,4
chr04_026848687,4,4,4,4,4,4,4,4,4,4,4,4,4,4,4,4,4,4
chr04_026848734,4,4,4,4,4,4,4,4,4,4,4,4,4,4,4,4,4,4
chr04_026902977,0,0,0,0,2,2,4,0,0,0,0,0,1,0,0,0,0,0
chr04_027470101,4,4,4,4,1,1,4,4,4,3,4,4,2,4,4,4,4,4
chr04_027534397,0,0,0,0,0,0,0,0,0,0,0,0,0,0,0,0,0,0
chr04_027534483,4,4,4,4,4,4,4,4,4,4,4,4,4,4,4,4,4,4
chr04_027755679,0,4,3,2,4,3,4,2,4,2,4,3,4,4,2,3,3,2
chr04_027755699,4,4,4,4,4,4,4,4,4,4,4,4,4,4,4,4,4,4
chr04_028334542,0,1,0,1,0,0,0,0,0,0,0,2,0,0,0,0,0,0
chr04_028381405,0,0,0,0,0,0,0,0,0,0,0,0,0,0,0,0,0,0
chr04_028381436,4,4,4,4,4,4,4,4,4,4,4,4,4,4,4,4,4,4
chr04_028547626,4,4,4,4,4,4,4,4,4,4,4,4,4,4,4,4,4,4
chr04_028547652,4,4,4,4,4,4,4,4,4,4,4,4,4,4,4,4,4,4
chr04_028779073,3,0,2,1,1,0,0,2,0,0,0,1,1,0,2,0,0,0
chr04_029424843,4,4,4,4,4,4,4,3,4,4,4,4,4,4,4,4,4,4
chr04_029424994,3,2,3,2,2,3,0,2,1,2,3,1,4,0,1,1,3,1
chr04_029611178,0,0,0,4,0,0,1,0,0,0,1,2,2,2,0,0,1,0
chr04_029943956,0,0,0,2,4,4,3,2,4,1,1,0,2,4,4,1,4,4
chr04_029943983,4,4,4,4,4,4,4,4,4,4,4,4,4,4,4,4,4,4
chr04_030073526,3,4,4,0,4,4,2,2,2,4,4,4,3,4,3,4,3,4
chr04_030495237,4,4,4,4,4,4,4,4,4,4,4,4,4,4,4,4,4,4
chr04_030541160,0,0,0,0,0,0,0,0,0,0,0,0,0,0,0,0,0,0
chr04_030822144,4,4,4,4,4,4,4,4,4,4,4,4,3,4,4,4,4,4
chr04_030822181,4,4,4,4,4,4,4,4,4,4,4,4,4,4,4,4,4,4
chr04_030843505,4,4,4,4,4,4,4,4,4,4,4,4,4,4,4,4,4,4
chr04_030843560,4,4,4,4,4,4,4,4,4,4,4,4,4,4,4,4,4,4
chr04_030843676,4,4,4,4,4,4,4,4,4,4,4,4,4,4,4,4,4,4
chr04_031240655,4,4,4,4,4,4,4,4,4,4,4,4,4,4,4,4,4,4
chr04_031346865,4,4,4,4,4,4,4,4,4,4,4,4,4,4,4,4,4,4
chr04_031346928,4,4,4,4,4,4,4,4,4,4,4,4,4,4,4,4,4,4
chr04_031346966,3,4,3,4,4,4,4,4,4,4,4,4,4,4,4,4,4,3
chr04_031546210,0,0,0,0,0,0,0,0,0,0,0,0,0,0,1,0,0,0
chr04_031546254,4,4,4,4,4,4,4,4,4,4,4,4,4,4,4,4,4,4
chr04_031943082,4,4,4,4,4,4,3,3,4,3,4,4,4,4,4,3,4,4
chr04_032236327,4,4,4,4,4,4,4,4,4,4,4,4,4,4,4,4,4,4
chr04_032250699,0,0,1,1,2,2,0,2,1,1,1,1,1,0,0,0,2,2
chr04_032250770,0,0,1,1,2,2,0,2,1,1,1,1,1,0,0,0,2,2
chr04_032465807,4,3,4,4,4,4,3,3,4,4,3,2,4,3,3,4,4,4
chr04_032466998,4,3,4,4,4,4,3,3,4,4,3,2,4,3,3,4,4,4
chr04_033320705,0,1,0,1,0,0,0,0,2,4,4,2,3,1,1,0,0,1
chr04_033354334,4,4,2,4,3,2,4,4,4,4,4,4,4,3,3,4,4,2
chr04_033543459,4,4,4,4,4,4,3,4,4,4,4,4,4,4,4,4,4,4
chr04_033854938,4,4,4,4,4,4,4,4,4,4,4,4,4,4,4,4,4,4
chr04_034392819,4,4,4,3,4,4,3,2,4,4,2,4,2,2,3,4,4,2
chr04_035499346,0,0,0,0,0,0,0,0,0,0,0,0,0,0,0,0,0,0
chr04_035944546,1,3,1,2,1,0,0,0,2,1,0,3,0,0,0,3,0,1
chr04_036321735,0,0,0,0,0,1,0,0,0,0,0,0,0,0,1,0,0,0
chr04_036734071,3,4,2,2,3,3,3,3,4,4,0,4,2,3,4,2,3,2
chr05_000142049,4,3,4,4,4,4,4,4,4,4,4,4,4,4,2,4,4,4
chr05_000142187,4,4,4,4,4,4,4,4,4,4,4,4,4,4,3,4,4,4
chr05_000375385,3,2,3,3,3,4,4,4,2,3,3,4,3,4,3,4,3,4
chr05_000932858,4,3,2,4,4,3,4,4,4,4,4,2,3,3,3,4,4,4
chr05_000932945,4,3,1,4,4,3,4,4,4,4,4,0,3,2,3,4,4,4
chr05_001057379,4,4,4,4,4,4,4,4,4,4,4,4,4,4,4,4,4,4
chr05_001057395,4,4,4,4,4,4,4,4,4,4,4,4,4,4,4,4,4,4
chr05_001291662,4,4,4,4,4,4,4,4,4,4,4,4,4,4,4,4,4,4
chr05_001422004,2,3,1,4,2,1,0,0,0,2,3,2,4,0,1,0,0,3
chr05_001422111,1,2,1,3,2,1,0,0,0,1,2,1,3,0,1,0,0,3
chr05_001424374,4,4,4,4,4,4,4,3,4,4,3,4,4,4,2,4,4,4
chr05_001625255,0,1,2,2,1,1,0,0,0,0,3,1,2,0,2,0,0,2
chr05_001786537,4,4,4,4,4,4,4,4,4,4,4,4,4,4,4,4,4,4
chr05_002021754,4,4,4,4,4,4,4,4,4,4,4,4,4,4,4,4,4,4
chr05_002076245,4,4,4,4,4,4,4,4,4,4,4,4,4,4,4,4,4,4
chr05_002161121,4,4,4,4,4,4,4,4,4,4,4,4,4,4,4,4,4,4
chr05_002161168,4,4,4,4,4,4,4,4,4,4,4,4,4,4,4,4,4,4
chr05_002164301,4,2,2,3,2,2,4,3,4,3,4,2,3,3,4,4,4,4
chr05_002164321,0,0,0,0,0,0,0,0,0,0,0,0,0,0,0,0,0,0
chr05_002534966,4,4,4,4,4,4,4,4,4,4,4,4,4,4,4,4,4,4
chr05_002535012,4,4,4,4,4,4,4,4,4,4,4,4,4,4,4,4,4,4
chr05_002535079,4,4,4,4,4,4,4,4,4,4,4,4,4,4,4,4,4,4
chr05_002535139,4,4,4,4,4,4,4,4,4,4,4,4,4,4,4,4,4,4
chr05_002544960,4,4,4,4,4,4,4,4,4,4,4,4,4,4,4,4,4,4
chr05_002694477,3,3,4,3,4,3,4,4,3,4,3,4,3,2,1,3,4,4
chr05_002694535,4,4,4,4,4,4,4,4,4,4,4,4,4,4,4,4,4,4
chr05_002694553,4,3,4,3,4,3,4,4,4,4,3,4,3,4,1,3,4,4
chr05_002699189,4,3,4,4,4,4,4,4,4,4,4,4,4,4,4,4,4,4
chr05_002860471,1,0,1,0,0,0,0,1,1,1,0,0,0,0,1,0,2,0
chr05_002860494,4,4,4,4,4,4,4,4,4,4,4,4,4,4,4,4,4,4
chr05_002860515,4,4,4,4,4,4,4,4,4,4,4,4,4,4,4,4,4,4
chr05_003200172,2,2,0,0,0,0,1,0,0,0,0,3,0,0,0,0,0,2
chr05_003311254,4,4,4,4,4,4,4,4,4,4,4,4,4,4,4,4,4,4
chr05_003334150,4,4,4,4,4,4,4,4,4,4,4,4,4,4,4,4,4,4
chr05_003620367,2,0,0,2,4,4,1,4,0,4,0,4,0,0,2,0,0,4
chr05_003704038,4,4,3,2,3,3,3,4,4,1,4,3,4,4,4,4,3,4
chr05_004429761,0,0,0,0,0,0,0,0,0,0,0,0,0,0,0,0,0,0
chr05_004586294,4,4,4,4,4,4,4,4,4,4,4,4,4,4,4,4,4,4
chr05_004586327,4,4,4,4,4,4,4,4,4,4,4,4,4,4,4,4,4,4
chr05_005362947,0,0,0,0,0,1,0,0,0,2,0,0,0,0,2,0,0,0
chr05_005404797,4,4,4,4,4,4,4,4,4,4,4,4,4,4,4,4,4,4
chr05_005404827,4,4,2,0,0,0,0,2,0,1,2,0,2,4,2,4,2,0
chr05_005429642,4,4,4,4,4,4,4,4,4,4,4,4,4,4,4,4,4,4
chr05_005483090,4,4,4,4,4,4,4,4,4,4,4,4,4,4,4,4,4,4
chr05_005620832,4,4,4,4,4,4,4,4,4,4,4,4,4,4,4,4,4,4
chr05_006598078,0,0,1,1,2,1,1,1,0,1,2,2,0,1,1,1,1,3
chr05_006598158,4,4,2,2,0,1,4,2,4,2,0,1,4,1,4,2,0,2
chr05_006612936,0,0,1,1,2,1,0,1,0,1,2,2,0,1,0,1,1,3
chr05_006613086,3,4,4,4,4,4,1,4,4,4,4,4,4,4,4,4,4,4
chr05_006840110,4,4,4,4,4,4,4,4,3,4,3,4,3,4,0,4,3,4
chr05_007192119,4,4,4,4,4,4,4,4,4,4,4,4,4,4,4,4,4,4
chr05_007195805,4,4,4,4,4,4,4,4,4,4,4,4,4,4,4,4,4,4
chr05_007195848,4,4,4,4,4,4,4,4,4,4,4,4,4,4,4,4,4,4
chr05_007195929,2,0,1,0,1,1,2,3,0,2,0,0,1,1,0,0,0,4
chr05_007564099,0,0,0,0,0,0,0,0,0,0,0,0,0,0,0,1,0,4
chr05_007564251,0,0,0,0,0,0,0,0,0,0,0,0,0,0,0,2,0,4
chr05_008723187,1,2,0,2,2,1,2,2,4,2,1,1,0,2,3,1,2,4
chr05_008723212,4,4,4,4,4,4,4,4,4,4,4,4,4,4,4,4,4,4
chr05_008723242,4,4,4,4,4,4,4,4,4,4,4,4,4,4,4,4,4,4
chr05_008723320,4,4,4,4,4,4,4,4,4,4,4,4,4,4,4,4,4,4
chr05_008723360,1,0,0,2,0,0,0,2,3,0,1,1,0,2,1,1,1,2
chr05_008723385,4,3,4,4,4,4,4,4,4,4,4,4,4,4,4,4,4,4
chr05_009403316,0,0,0,0,0,0,0,0,0,0,0,0,0,0,0,0,0,0
chr05_009794297,2,1,4,3,2,1,4,4,4,3,3,2,4,3,3,3,3,4
chr05_009794327,4,4,4,4,4,4,4,4,4,4,4,4,4,4,4,4,4,4
chr05_009794400,4,4,1,3,2,3,1,1,2,4,3,4,2,3,3,1,2,3
chr05_009794428,3,2,4,3,2,3,4,4,4,4,4,4,4,3,2,0,4,4
chr05_009816026,4,4,4,4,4,4,4,4,4,4,4,4,4,4,4,4,4,4
chr05_010024641,3,0,0,1,1,1,1,2,0,0,3,2,1,1,1,1,1,3
chr05_010024682,4,4,4,4,4,4,4,4,4,4,4,4,4,4,4,4,4,4
chr05_010024702,4,4,4,4,4,4,4,4,4,4,4,4,4,4,4,4,4,4
chr05_010631569,4,4,4,4,4,4,4,4,4,4,4,4,4,4,4,4,4,4
chr05_010631772,4,4,4,4,4,4,4,4,4,4,4,4,4,4,4,4,4,4
chr05_010947758,4,4,4,4,3,3,3,4,2,1,4,2,3,4,2,4,3,4
chr05_010950993,4,4,4,4,4,4,4,4,4,4,4,4,4,4,4,4,4,4
chr05_010951091,4,4,4,4,4,4,4,4,4,4,4,4,4,4,4,4,4,4
chr05_011027285,4,4,4,4,4,4,4,4,4,4,4,4,4,4,4,4,4,4
chr05_011027457,4,4,4,4,4,4,4,4,4,4,4,4,4,4,4,4,4,4
chr05_011035453,4,4,4,4,4,4,4,4,4,4,4,4,4,4,4,4,4,4
chr05_011759994,1,0,0,0,0,0,0,0,0,0,0,2,0,0,0,0,0,0
chr05_011876981,0,0,0,0,0,0,0,0,0,0,0,0,0,0,0,0,0,0
chr05_012182477,1,0,3,2,3,3,0,2,1,1,3,3,4,1,2,1,1,3
chr05_012200221,4,4,4,4,4,4,4,4,4,4,4,4,4,4,4,4,4,4
chr05_012706921,4,4,4,4,4,4,4,4,4,4,4,4,4,4,4,4,4,4
chr05_012706974,3,3,3,3,3,4,3,3,3,3,4,4,4,2,4,2,3,3
chr05_012707007,3,3,2,1,0,1,2,4,0,0,1,0,1,0,1,0,2,1
chr05_014456106,0,0,0,0,0,0,0,0,0,0,0,0,0,0,0,0,0,0
chr05_015381202,1,0,1,0,1,1,0,0,0,0,0,0,0,1,0,1,0,1
chr05_016062426,4,4,4,4,4,4,4,4,4,4,4,4,4,4,4,4,4,4
chr05_017066492,1,0,1,0,1,1,0,0,0,0,0,0,0,1,0,4,0,1
chr05_017092581,3,4,4,4,4,4,4,4,4,2,4,4,4,4,4,4,4,4
chr05_017693069,2,2,2,2,2,2,2,2,2,2,2,2,2,2,2,2,2,2
chr05_018395452,4,4,4,4,4,4,4,4,4,4,4,4,4,4,4,4,4,4
chr05_018740621,4,4,4,4,4,4,4,4,4,4,4,4,4,4,4,4,4,4
chr05_019320437,3,4,4,3,4,4,4,4,4,4,3,3,3,4,4,4,4,4
chr05_020012129,3,4,4,4,4,4,4,4,4,4,4,4,4,4,4,4,4,4
chr05_020500788,4,4,4,4,4,4,4,4,4,4,4,4,4,4,4,4,4,4
chr05_020500929,4,4,4,4,4,4,4,4,4,4,4,4,4,4,4,4,4,4
chr05_021466997,4,4,4,4,4,4,4,4,4,4,4,4,4,4,4,4,4,4
chr05_021649494,1,0,0,1,0,0,1,2,0,0,0,0,0,0,0,1,3,1
chr05_021649641,2,4,4,2,4,4,2,2,4,4,4,4,4,4,4,3,0,2
chr05_022614172,4,3,4,1,1,3,3,4,4,4,4,4,3,3,4,4,4,3
chr05_022965046,4,4,4,4,4,4,4,4,4,4,4,4,4,4,4,4,4,4
chr05_022990985,4,4,4,4,4,4,4,3,4,4,4,4,4,4,4,3,4,4
chr05_023753596,4,4,4,4,4,4,4,4,4,4,4,4,4,4,4,4,4,4
chr05_024093647,4,2,2,4,1,1,1,3,1,2,3,2,2,2,3,2,0,2
chr05_024093668,4,4,4,4,4,4,4,4,4,4,4,4,4,4,4,4,4,4
chr05_024093706,4,4,4,4,4,4,4,4,4,4,4,4,4,4,4,4,4,4
chr05_024093743,4,4,4,4,4,4,4,4,4,4,4,4,4,4,4,4,4,4
chr05_024093794,4,4,4,4,4,4,4,4,4,4,4,4,4,4,4,4,4,4
chr05_024095355,1,0,0,0,0,0,0,0,0,0,0,0,0,0,0,2,0,0
chr05_024152160,1,0,0,0,0,1,1,0,1,0,0,1,0,1,0,0,2,0
chr05_024152240,4,4,4,4,4,4,4,4,4,4,4,4,4,4,4,4,4,4
chr05_024154343,4,4,4,3,4,4,4,3,4,4,3,2,2,4,4,2,4,4
chr05_024746401,0,0,0,0,0,0,1,1,0,0,0,2,0,0,0,0,0,0
chr05_024776288,4,4,4,4,4,4,4,4,4,4,4,4,4,4,4,4,4,4
chr05_024776317,4,4,4,4,4,4,4,4,4,4,4,4,4,4,3,4,4,4
chr05_024790533,3,2,1,2,3,4,2,4,3,3,3,4,4,3,3,2,3,4
chr05_025502129,4,3,4,4,4,4,4,3,4,4,4,4,4,4,4,4,4,4
chr05_025644178,4,4,4,4,4,4,4,4,4,4,4,4,4,4,4,4,4,4
chr05_025685218,4,4,4,4,4,4,4,4,4,4,4,4,4,4,4,4,4,4
chr05_025685367,0,0,0,0,0,0,0,0,0,0,0,0,0,0,0,0,0,0
chr05_026015593,4,4,4,4,4,4,4,4,4,4,4,4,4,4,4,4,4,4
chr05_026015623,4,4,4,4,4,4,4,4,4,4,4,4,4,4,4,4,4,4
chr05_026015688,4,4,4,4,4,4,4,4,4,4,4,4,4,4,4,4,4,4
chr05_026052101,4,4,4,4,4,4,4,3,4,4,4,4,4,4,4,4,4,4
chr05_026052220,2,4,2,4,4,3,4,3,2,3,4,3,4,4,4,4,4,3
chr05_026052303,2,4,2,4,4,3,4,3,1,3,4,3,4,4,4,4,4,3
chr05_026126432,4,4,4,4,4,4,4,1,4,4,2,4,2,0,4,4,0,3
chr05_026571850,4,4,4,4,4,4,4,4,4,4,4,4,4,4,4,4,4,4
chr05_026586947,4,4,4,4,0,2,4,4,4,4,4,4,4,4,4,2,4,4
chr05_027466108,2,2,0,3,4,1,0,1,2,1,0,0,0,0,1,3,0,0
chr05_027473386,4,4,4,4,4,4,4,4,4,4,4,4,4,4,4,4,4,4
chr05_027473429,2,3,4,3,3,4,4,3,4,4,4,4,4,4,4,3,4,4
chr05_027473504,4,4,4,4,4,4,4,4,4,4,4,4,4,4,4,4,4,4
chr05_027473584,4,4,4,4,4,4,4,4,4,4,4,4,4,4,4,4,4,4
chr05_027746062,4,4,4,4,4,4,4,4,4,4,4,4,4,4,4,4,4,4
chr05_027746078,4,4,4,4,4,4,4,4,4,4,4,4,4,4,4,4,4,4
chr05_027746163,4,4,4,4,4,4,4,4,4,4,4,4,4,4,4,4,4,4
chr05_027894180,0,2,0,4,0,0,1,1,2,2,1,4,1,2,4,0,0,4
chr05_027894216,4,4,4,4,4,4,4,4,4,4,4,4,4,4,4,4,4,4
chr05_027894236,4,4,4,4,4,4,4,4,4,4,4,4,4,4,4,4,4,4
chr05_028399352,4,4,4,4,4,4,4,4,4,4,4,4,4,4,4,4,4,4
chr05_028399461,4,0,4,4,4,3,1,2,4,4,4,4,4,4,2,4,4,4
chr05_028807067,0,0,0,0,0,0,1,0,0,0,0,0,0,0,0,0,0,0
chr05_029327001,3,4,1,4,3,4,4,4,4,3,4,4,4,2,4,4,3,4
chr05_029759004,4,4,4,4,4,4,4,4,4,4,4,4,4,4,4,4,4,4
chr05_029951087,1,3,0,0,0,2,0,0,1,1,2,0,2,2,4,1,1,1
chr05_030200929,4,3,0,4,1,3,0,2,4,3,1,2,0,3,2,4,4,2
chr05_030201038,4,4,4,4,3,3,2,4,4,4,4,3,4,3,2,4,4,2
chr05_030201104,0,1,0,0,2,0,0,3,0,1,3,1,4,0,0,0,0,0
chr05_030205493,2,0,4,2,2,4,4,4,4,2,4,2,3,1,3,4,4,4
chr05_030205620,0,2,0,2,2,4,4,2,4,0,4,3,3,1,2,2,2,2
chr05_030351362,0,0,0,4,4,1,0,0,4,0,0,1,0,1,0,1,0,0
chr05_030351513,4,0,4,4,4,2,2,4,4,4,4,2,3,2,0,4,4,2
chr05_030439740,4,4,4,4,4,4,4,4,4,4,4,4,4,4,4,4,4,4
chr05_030496551,1,0,4,0,0,0,2,1,0,0,2,1,2,0,1,0,0,4
chr05_030496574,0,0,4,0,0,0,4,0,0,0,0,4,1,0,2,0,0,0
chr05_030496615,4,4,4,4,4,4,4,4,4,4,4,4,4,4,4,4,4,4
chr05_030496749,0,0,0,0,0,0,1,0,0,0,0,0,0,0,1,0,0,0
chr05_030879566,0,2,1,0,0,1,1,1,0,1,0,2,0,0,0,0,0,0
chr05_030905635,3,2,4,1,1,2,4,4,2,2,4,4,4,3,2,1,3,2
chr05_030920699,2,4,4,3,3,2,4,4,2,4,4,4,4,3,4,2,3,4
chr05_030983784,3,4,4,4,3,0,4,4,4,4,4,4,4,4,4,4,4,4
chr05_030985124,4,4,4,4,4,4,4,4,4,4,4,4,4,4,4,4,4,4
chr05_032131430,4,4,4,2,4,4,0,4,4,4,3,2,4,2,3,4,3,4
chr05_032131563,4,4,4,4,4,4,4,4,4,4,4,4,4,4,4,4,4,4
chr06_000197825,0,0,0,0,0,0,0,0,0,1,0,0,0,0,0,0,0,0
chr06_000197937,2,2,0,0,1,0,2,0,0,1,0,2,0,2,0,0,0,0
chr06_000261901,0,0,0,0,0,0,0,0,0,0,0,0,0,0,0,0,0,0
chr06_000487462,4,4,4,4,4,4,4,4,4,4,4,4,4,4,4,4,4,4
chr06_000770717,4,4,4,4,4,4,4,4,4,4,4,4,4,4,4,4,4,4
chr06_000796191,4,4,4,4,4,4,4,4,4,4,4,4,4,4,4,4,4,4
chr06_000926253,4,4,4,4,4,4,4,4,4,4,4,4,4,4,4,4,4,4
chr06_001251920,3,4,4,4,4,4,4,4,4,4,4,3,4,3,4,3,4,4
chr06_001448143,0,0,0,0,0,0,0,0,0,0,0,0,0,0,0,0,0,0
chr06_001448212,4,4,4,4,4,4,4,4,4,4,4,4,4,4,4,4,4,4
chr06_001594538,0,1,1,0,1,1,3,2,0,2,0,0,0,0,2,1,1,0
chr06_001598047,4,4,4,4,4,4,4,4,4,4,4,4,4,4,4,4,4,4
chr06_002058272,4,4,4,4,4,4,4,4,4,4,4,4,4,4,4,4,4,4
chr06_002304250,4,4,4,4,4,4,4,4,4,4,4,4,4,4,4,4,4,4
chr06_002482038,1,0,4,2,0,0,1,4,2,2,2,4,4,0,4,2,0,4
chr06_002886330,1,1,1,2,1,1,1,1,1,1,2,1,1,3,2,1,2,1
chr06_003325915,0,1,0,1,0,0,0,0,0,0,0,0,0,0,1,0,0,0
chr06_003473667,4,4,4,4,4,4,4,4,4,4,4,4,4,4,4,4,4,4
chr06_003473732,4,4,4,4,4,4,4,4,4,4,4,4,4,4,4,4,4,4
chr06_003580553,4,4,4,4,4,4,4,4,4,4,4,4,4,4,4,4,4,4
chr06_003585798,4,4,4,4,4,4,4,4,4,4,4,4,4,4,4,4,4,4
chr06_003603603,4,4,4,4,4,4,4,4,4,4,4,4,4,4,4,4,4,4
chr06_003614925,4,4,4,4,4,4,4,4,4,4,2,4,4,4,4,0,4,0
chr06_003615066,0,0,0,0,0,0,0,0,0,0,0,0,0,0,0,0,0,0
chr06_004094679,4,3,3,4,4,4,4,4,3,4,3,4,3,3,4,4,4,3
chr06_004222640,4,4,4,4,4,4,4,4,4,4,4,4,4,4,4,4,4,4
chr06_004226496,1,1,2,2,1,2,1,0,1,2,1,2,1,1,0,0,1,2
chr06_004257555,4,4,4,4,4,4,4,4,4,4,4,4,4,4,4,4,4,4
chr06_004356702,0,2,0,2,0,0,1,0,3,1,2,1,2,0,2,2,2,1
chr06_004364177,2,4,1,4,4,2,4,4,3,2,4,4,4,2,4,4,4,3
chr06_004609418,0,0,0,0,0,0,0,0,0,0,0,0,0,0,0,0,0,0
chr06_004720381,4,4,3,4,4,4,4,4,4,4,4,4,4,3,4,3,3,2
chr06_004965663,0,0,0,0,0,0,0,0,0,0,0,0,0,0,0,1,1,0
chr06_005092307,4,4,4,4,4,4,4,4,4,4,4,4,4,4,4,4,4,4
chr06_005772449,4,4,4,4,4,4,4,4,4,4,4,4,4,4,4,4,4,4
chr06_005935935,4,4,4,4,4,4,4,4,4,4,4,4,4,4,4,4,4,4
chr06_006037095,4,4,4,4,4,4,4,4,4,4,4,4,4,4,4,4,4,4
chr06_006181707,0,0,0,0,4,0,0,1,3,0,0,0,0,0,0,0,0,2
chr06_006255130,4,4,4,4,4,4,4,4,4,4,4,4,4,4,4,4,4,4
chr06_006390622,0,0,0,0,1,0,0,0,0,0,0,0,0,0,0,0,0,1
chr06_006625071,4,0,0,2,4,4,0,1,0,0,4,0,4,4,0,4,0,4
chr06_007430546,4,1,2,4,4,4,0,2,0,2,3,2,2,3,0,4,4,0
chr06_008128232,4,4,4,4,4,4,4,4,4,4,4,4,4,4,4,4,4,4
chr06_008800070,4,4,4,4,4,4,4,4,4,4,4,4,4,4,4,4,4,4
chr06_008800103,0,0,0,0,1,1,1,0,0,0,0,0,0,0,0,1,0,0
chr06_009375615,4,4,4,4,4,4,4,4,4,4,4,4,4,4,4,4,4,4
chr06_009780406,3,4,4,3,3,4,4,4,4,4,4,4,4,4,4,4,4,4
chr06_010144506,0,1,0,0,0,1,0,0,1,0,1,0,1,1,0,1,0,0
chr06_010632680,1,4,2,0,0,0,0,0,1,0,1,4,3,1,4,2,0,0
chr06_011048637,1,0,0,0,0,0,1,0,0,0,0,0,0,0,0,0,0,0
chr06_011305979,3,3,4,3,4,4,2,4,3,4,4,4,4,2,4,3,4,4
chr06_011306037,3,3,4,3,4,4,3,4,3,4,4,4,4,2,4,3,4,4
chr06_011306120,4,4,4,4,4,4,4,4,4,4,4,4,4,4,4,4,4,4
chr06_011582568,4,4,4,4,4,4,4,4,4,4,4,4,4,4,4,4,4,4
chr06_012377521,4,4,4,4,4,4,4,4,4,4,4,4,4,4,4,4,4,4
chr06_012510129,2,0,0,0,0,0,0,0,0,0,2,2,1,1,0,2,0,1
chr06_012628617,4,4,4,4,4,4,4,4,4,4,4,4,4,4,4,4,4,4
chr06_012837292,0,1,0,1,0,0,0,0,0,0,0,0,2,1,0,0,0,1
chr06_013205959,4,4,4,4,4,4,4,4,4,4,4,4,4,4,4,4,4,4
chr06_013609992,4,4,4,4,4,4,4,4,4,4,4,4,4,4,4,4,4,4
chr06_013934005,3,4,4,4,4,4,4,4,2,2,4,4,4,4,4,4,0,4
chr06_014435074,2,0,0,0,0,0,0,0,2,0,0,2,0,0,0,1,0,2
chr06_014999303,4,4,4,4,4,4,4,4,4,4,4,4,4,4,4,4,4,4
chr06_015367890,4,4,4,4,4,4,4,4,4,4,4,4,4,4,4,4,4,4
chr06_015976994,1,2,2,2,4,4,1,3,2,2,4,3,4,1,4,1,1,0
chr06_016124158,0,1,0,4,2,2,3,0,2,3,4,3,4,4,3,2,4,0
chr06_016487405,4,4,4,4,4,4,4,4,4,4,4,4,4,4,4,4,4,4
chr06_016952367,4,4,3,3,0,0,4,4,4,3,2,4,2,4,4,4,4,4
chr06_017295083,4,4,4,4,4,4,4,4,4,4,4,4,4,4,4,4,4,4
chr06_017533965,4,4,4,4,4,4,4,4,4,4,4,4,4,4,4,4,4,4
chr06_017612111,4,1,4,4,4,2,0,4,4,2,3,2,3,3,4,4,1,1
chr06_018068021,1,0,0,1,2,1,0,1,0,0,0,0,0,1,0,1,0,1
chr06_019152772,3,2,4,4,4,4,4,4,3,4,3,3,3,4,4,4,3,2
chr06_019677446,4,4,4,4,4,4,3,4,4,4,4,2,4,4,4,4,4,3
chr06_020864310,4,3,4,4,4,0,4,4,4,4,4,4,4,4,4,4,4,4
chr06_021634007,4,4,4,4,4,4,4,4,4,4,4,4,4,4,4,4,4,4
chr06_021634060,4,4,4,4,4,4,4,4,4,4,4,4,4,4,4,4,4,4
chr06_021634119,4,4,4,4,4,4,4,4,4,4,4,4,4,4,4,4,4,4
chr06_021634141,4,4,4,4,4,4,4,4,4,4,4,4,4,4,4,4,4,4
chr06_021634203,4,4,4,4,4,4,4,4,4,4,4,4,4,4,4,4,4,4
chr06_022324217,0,0,0,0,0,0,0,0,0,0,0,0,0,1,0,0,0,0
chr06_022712475,4,4,4,3,4,4,3,4,3,4,4,4,4,4,4,4,4,4
chr06_023154622,0,0,0,0,0,0,1,0,0,0,0,2,0,0,0,0,0,1
chr06_024490439,4,1,2,1,4,4,1,2,1,0,4,4,0,0,0,0,4,4
chr06_024699373,4,4,4,4,4,4,4,4,4,4,4,4,4,4,4,4,4,4
chr06_025184617,4,4,4,4,4,4,4,4,4,4,4,4,4,4,4,4,4,4
chr06_025571656,4,2,4,3,4,4,3,4,4,3,4,4,4,2,4,4,4,4
chr06_026439248,4,2,2,2,4,4,4,4,4,4,1,4,3,4,1,0,4,3
chr06_026641048,4,4,4,4,4,4,4,4,4,4,4,4,4,4,4,4,4,4
chr06_026641090,4,4,4,4,4,4,4,4,4,4,4,4,4,4,4,4,4,4
chr06_026641127,4,4,4,4,4,4,4,4,4,4,4,4,4,4,4,4,4,4
chr06_026641161,4,4,4,4,4,4,4,4,4,4,4,4,4,4,4,4,4,4
chr06_026746365,3,3,1,0,2,0,0,0,4,3,0,2,2,2,2,2,3,2
chr06_026746431,4,4,3,4,4,3,4,4,4,3,4,4,4,3,4,3,4,4
chr06_027084660,4,4,4,4,4,4,4,4,4,4,4,4,4,4,4,4,4,4
chr06_027605647,4,0,2,4,4,4,4,0,3,4,0,4,4,4,0,4,0,4
chr06_027605768,4,4,4,4,4,4,4,4,4,4,4,4,4,4,4,4,4,4
chr06_028048998,0,0,1,0,0,0,0,1,1,0,1,2,0,0,0,1,3,1
chr06_028340948,4,4,4,4,4,4,4,4,4,4,4,4,4,4,4,4,4,4
chr06_028744192,4,4,4,4,4,4,4,4,4,4,4,4,4,4,4,4,4,4
chr06_029229489,4,4,4,4,4,4,4,4,4,4,4,4,4,4,4,4,4,4
chr06_029229509,4,4,4,4,4,4,4,4,4,4,4,4,4,4,4,4,4,4
chr06_029229544,4,4,4,4,4,4,4,4,4,4,4,4,4,4,4,4,4,4
chr06_029229602,4,4,4,4,4,4,4,4,4,4,4,4,4,4,4,4,4,4
chr06_029229632,4,4,4,4,4,4,4,4,4,4,4,4,4,4,4,4,4,4
chr06_029310123,4,4,4,4,4,4,4,4,4,4,4,4,4,4,4,4,4,4
chr06_029469594,4,4,4,4,4,4,4,4,4,4,4,4,4,4,4,4,4,4
chr06_029856646,4,4,0,4,4,4,4,4,3,3,2,4,4,4,4,1,4,1
chr06_030365112,4,4,4,4,4,4,4,4,4,4,4,4,4,4,4,4,4,4
chr06_030365142,4,4,4,4,4,4,4,0,4,4,4,4,4,4,4,4,4,4
chr06_030365248,4,4,4,4,4,4,4,1,4,4,4,4,4,4,4,4,4,4
chr06_030420462,4,4,4,4,4,4,4,4,4,4,4,4,4,4,4,4,4,4
chr06_030592347,4,4,4,4,4,4,4,4,4,4,4,4,4,4,4,4,4,4
chr06_031044135,4,4,4,4,4,4,4,4,4,4,4,4,4,4,4,4,4,4
chr06_031704367,4,4,4,4,4,4,4,4,4,4,4,4,4,4,4,4,4,4
chr06_031704400,4,4,4,4,4,4,4,4,4,4,4,4,4,4,4,4,4,4
chr06_032013974,4,4,4,4,4,3,3,4,3,4,4,4,3,3,4,4,3,3
chr06_032422241,0,0,0,0,0,1,0,0,0,0,0,1,0,0,1,0,1,1
chr06_032430270,4,4,4,4,4,4,3,4,4,4,4,4,4,4,4,4,4,4
chr06_032430383,4,4,4,4,4,4,4,4,4,4,4,4,4,4,4,4,4,4
chr06_032976417,4,4,4,4,4,4,4,4,4,4,4,4,4,4,4,4,4,4
chr06_032976472,4,4,4,4,4,4,4,4,4,4,4,4,4,4,4,4,4,4
chr06_032976504,4,4,4,4,4,4,4,4,4,4,4,4,4,4,4,4,4,4
chr06_033423108,4,4,4,3,4,4,4,4,4,3,3,4,4,4,4,4,4,2
chr06_033423181,4,4,4,4,4,4,4,4,4,4,4,4,4,4,4,4,4,4
chr06_033423235,4,4,4,4,4,4,4,4,4,4,4,4,4,4,4,4,4,4
chr06_033423268,4,4,4,4,4,4,4,4,4,4,4,4,4,4,4,4,4,4
chr06_033839632,0,0,0,0,0,0,0,0,0,0,0,0,0,0,0,0,0,0
chr06_033839673,4,4,4,4,4,4,4,4,4,4,4,4,4,4,3,2,4,4
chr06_033839713,4,4,4,4,4,4,4,4,4,4,4,4,4,4,4,4,4,4
chr06_033984618,4,4,4,4,4,4,4,4,4,4,4,4,4,4,4,4,4,4
chr06_034413312,3,4,4,4,4,4,4,4,4,4,4,2,4,4,2,4,4,4
chr06_034503772,4,4,4,4,4,4,4,4,4,4,4,4,4,4,4,4,4,4
chr06_034606099,4,4,4,4,4,3,4,4,4,4,4,2,4,2,2,3,2,4
chr06_034643731,4,4,4,4,4,4,3,4,4,4,4,3,4,2,4,4,2,4
chr06_034763165,4,4,4,4,4,4,4,4,4,4,4,4,4,4,4,4,4,4
chr06_034763290,0,0,0,0,0,0,0,0,0,0,0,0,0,0,0,0,0,0
chr06_034766145,4,4,4,4,4,4,4,4,3,4,4,4,4,4,4,4,4,4
chr06_035060429,4,4,4,3,4,4,3,4,3,4,4,3,4,2,2,4,2,4
chr06_035200046,2,2,2,2,0,0,0,1,0,4,0,2,4,2,2,4,0,0
chr06_035498829,4,4,4,4,4,4,4,4,4,4,4,4,4,4,4,4,4,4
chr06_035518356,4,4,4,4,4,4,4,4,4,0,4,4,4,4,1,4,4,4
chr06_035627087,4,4,4,4,4,4,4,4,4,4,4,4,4,4,4,4,4,4
chr06_036508915,4,4,1,4,2,0,2,4,4,0,2,2,4,3,4,3,0,2
chr06_036724266,4,4,4,4,4,4,4,3,4,4,4,4,4,4,4,4,4,4
chr06_036727409,4,4,4,4,4,4,4,4,4,4,4,4,4,4,4,4,4,4
chr06_036727437,4,4,4,4,4,4,4,4,4,4,4,4,4,4,4,4,4,4
chr06_036779657,1,1,1,1,1,1,1,1,1,1,1,1,1,1,1,1,1,1
chr06_036779706,0,0,0,4,1,2,2,2,0,0,0,4,0,1,0,0,2,4
chr06_037116119,0,1,0,0,0,0,0,0,0,0,0,0,0,3,1,0,1,1
chr06_037346972,4,4,4,4,4,4,4,1,4,2,2,3,0,3,3,2,4,4
chr06_037347029,2,0,0,0,0,0,1,0,0,0,2,1,0,1,0,0,2,0
chr06_037610244,0,0,0,0,0,0,0,0,0,0,0,0,0,0,0,0,0,0
chr06_037720941,0,0,0,0,0,0,0,0,0,0,0,0,0,0,0,0,0,0
chr06_037720981,4,4,4,4,4,4,4,4,4,4,4,4,4,4,4,4,4,4
chr06_037870062,4,4,4,4,4,4,4,4,4,4,4,4,4,4,4,4,4,4
chr06_037870083,4,4,4,4,4,4,4,4,4,4,4,4,4,4,4,4,4,4
chr06_037870200,0,0,0,0,0,0,0,0,0,0,0,0,0,0,0,0,0,0
chr06_038027474,1,0,1,1,0,0,1,0,1,0,0,2,1,1,0,1,0,1
chr06_038338641,4,4,4,4,3,3,3,3,3,4,3,1,3,3,4,3,4,3
chr06_039380698,1,2,4,2,4,4,1,2,2,0,0,0,0,2,4,2,2,0
chr06_039543187,1,0,4,4,1,2,2,2,3,3,3,3,2,2,2,2,2,2
chr06_039633259,4,4,4,4,4,4,4,4,4,4,4,4,4,4,4,4,4,4
chr06_040284475,0,0,0,0,0,0,0,0,0,0,0,0,0,0,0,0,0,2
chr07_000387248,0,4,4,4,4,4,4,4,4,4,2,4,2,0,4,4,4,1
chr07_000730009,4,4,4,4,4,4,4,4,4,4,4,4,4,4,4,4,4,4
chr07_000730085,0,2,0,4,3,0,0,4,0,0,4,0,3,1,0,2,2,2
chr07_000800735,4,4,4,4,4,4,4,4,4,4,4,4,4,4,4,4,4,4
chr07_000800794,1,4,4,0,2,1,1,2,0,4,4,4,4,2,1,1,0,4
chr07_000982994,4,4,4,4,4,4,4,4,4,4,4,4,4,4,4,4,4,4
chr07_001270599,4,4,4,4,4,4,4,4,4,4,4,4,4,4,4,4,4,4
chr07_001366516,0,1,1,0,1,2,1,0,1,0,0,1,0,0,0,0,1,0
chr07_001366597,4,3,2,4,2,4,2,3,4,4,0,2,0,0,0,4,4,1
chr07_001413687,4,4,4,4,4,3,4,3,3,4,4,3,4,4,4,3,3,4
chr07_001466226,2,2,3,4,3,3,4,3,3,4,3,4,4,4,4,3,3,3
chr07_001562431,4,3,3,4,4,4,4,4,2,4,4,4,4,4,4,4,4,4
chr07_001733994,0,4,2,0,2,1,0,4,4,0,0,0,0,0,0,0,0,0
chr07_002306855,0,0,0,0,0,0,0,0,0,0,0,0,0,0,0,0,0,0
chr07_002436899,0,0,0,0,0,1,1,1,0,0,0,0,0,0,0,0,0,0
chr07_002440250,0,0,0,0,0,4,2,2,0,0,0,0,0,0,0,0,0,0
chr07_002467080,0,0,1,0,1,1,0,2,0,0,0,0,0,0,1,0,0,1
chr07_002476957,0,0,0,0,1,0,1,0,0,0,0,1,0,0,0,0,0,0
chr07_002897486,0,0,0,0,2,0,1,1,0,0,4,1,4,4,0,3,1,2
chr07_002897512,4,4,4,4,4,3,4,4,4,4,4,4,4,4,4,4,4,4
chr07_002897585,0,0,0,0,1,0,1,1,0,0,4,1,4,4,0,2,1,1
chr07_002897639,0,0,0,0,1,0,1,1,0,0,4,1,4,4,0,3,1,2
chr07_002958193,4,4,4,4,4,4,4,4,4,4,4,4,4,4,4,4,4,4
chr07_003169496,4,4,4,0,4,4,4,4,4,4,4,4,4,4,4,4,4,4
chr07_003169613,0,1,1,0,1,2,1,2,2,0,2,0,2,2,1,1,3,1
chr07_003200721,0,0,0,0,0,0,0,2,1,2,2,1,1,0,1,2,0,2
chr07_003200747,4,4,4,4,4,4,4,4,4,4,4,4,4,4,4,4,4,4
chr07_003241655,4,4,4,4,4,4,4,4,4,4,4,4,4,4,4,4,4,4
chr07_003241755,1,2,0,0,0,0,0,2,1,4,0,4,0,1,4,1,0,2
chr07_003908418,4,4,4,4,4,4,4,4,4,4,4,4,4,4,4,4,4,4
chr07_004249521,2,1,2,3,0,2,0,3,1,2,2,1,2,1,1,2,2,0
chr07_004374004,0,0,0,0,0,0,2,1,0,0,0,0,0,0,0,0,0,0
chr07_004374035,0,0,0,0,0,0,2,4,0,0,0,0,0,0,0,0,0,0
chr07_004573773,0,0,0,0,0,0,0,0,0,0,0,0,0,0,0,0,0,0
chr07_004597753,1,3,2,1,0,1,1,1,2,1,1,1,0,2,0,1,3,1
chr07_004607244,3,1,3,3,4,3,3,4,3,4,3,3,4,2,4,3,2,1
chr07_004686735,0,4,0,4,4,3,0,2,4,2,2,2,4,2,4,2,3,2
chr07_005218969,4,4,4,4,4,4,4,0,4,0,4,4,4,4,4,4,4,4
chr07_005445330,4,4,3,4,4,2,4,3,4,2,2,4,2,4,4,4,2,2
chr07_005460491,4,4,4,4,4,4,4,4,4,4,4,4,4,4,4,4,4,4
chr07_006240282,2,4,3,4,3,3,2,4,4,4,4,0,2,2,4,0,4,4
chr07_006404170,0,0,0,0,0,0,0,0,0,0,0,0,0,0,0,0,0,0
chr07_006526479,0,4,3,4,4,3,3,3,4,4,4,1,3,4,4,4,4,4
chr07_006565088,2,1,2,0,1,1,2,2,0,1,1,2,2,1,1,2,1,2
chr07_006694012,0,1,0,1,0,0,1,0,0,0,0,2,0,0,0,0,1,2
chr07_006867386,4,4,4,4,4,4,4,4,4,4,4,4,4,4,4,4,4,4
chr07_007183441,0,0,0,3,1,2,0,4,2,0,2,4,1,2,0,2,4,1
chr07_007356859,1,0,0,1,3,1,1,1,0,0,0,0,1,1,0,0,0,0
chr07_007384635,3,4,4,4,1,2,3,3,3,4,4,4,4,4,4,2,4,3
chr07_007384695,1,4,3,4,1,2,2,1,0,4,3,4,3,3,2,3,3,3
chr07_007384761,0,4,2,3,1,2,1,1,0,3,2,3,0,0,1,1,2,2
chr07_007486500,0,0,0,0,0,0,0,0,0,0,1,0,0,0,0,0,0,0
chr07_007623282,4,4,4,4,4,4,4,4,4,4,4,4,4,4,4,4,4,4
chr07_007640327,4,4,4,4,3,4,4,4,4,4,4,4,4,4,4,4,4,4
chr07_008046004,4,4,4,4,4,4,4,4,4,4,4,4,4,4,4,4,4,4
chr07_008046113,4,4,4,4,4,4,4,4,4,4,4,4,4,4,4,4,4,4
chr07_008102516,4,4,4,4,4,4,4,4,4,4,4,4,4,4,4,4,4,4
chr07_008510890,4,4,4,4,4,4,4,4,4,4,4,4,4,4,4,4,4,4
chr07_008578559,4,4,4,2,4,4,4,4,4,4,4,4,4,3,4,4,4,4
chr07_008690080,4,4,4,4,4,4,4,4,4,4,4,4,4,4,4,4,4,4
chr07_008857674,3,4,3,3,4,3,3,2,4,1,4,3,4,4,4,4,3,2
chr07_009803175,4,4,4,4,4,4,4,4,4,4,4,4,4,4,4,4,4,4
chr07_009901825,4,4,4,4,3,4,4,4,4,4,4,4,4,4,4,4,4,4
chr07_010000593,4,4,4,4,4,4,4,4,4,4,4,4,4,4,4,4,4,4
chr07_010243734,2,2,3,2,2,2,2,2,2,0,3,3,3,2,1,2,1,2
chr07_010243856,0,0,1,0,0,0,0,0,0,0,0,0,0,1,0,0,0,0
chr07_010251972,3,0,3,4,3,3,0,2,0,4,0,4,2,4,4,0,4,3
chr07_010550854,4,4,4,4,4,4,4,4,4,4,4,4,4,4,4,4,4,4
chr07_011344881,4,4,4,4,4,4,4,4,4,4,4,4,4,4,4,4,4,4
chr07_011395990,0,0,0,0,1,1,0,1,0,2,1,0,1,1,1,0,0,1
chr07_011854960,4,4,4,4,4,4,4,4,4,4,4,4,4,4,4,4,4,4
chr07_011855183,4,4,3,4,3,4,4,2,2,3,3,4,3,3,4,3,4,3
chr07_012059444,4,4,4,4,4,4,4,3,4,3,4,4,4,4,4,4,4,3
chr07_013222833,4,4,4,4,4,4,4,4,4,4,4,4,4,4,4,4,4,4
chr07_013444037,4,4,4,4,4,4,4,4,4,4,4,4,4,4,4,4,4,4
chr07_013655249,4,4,4,4,4,4,4,4,4,4,4,4,4,4,4,4,4,4
chr07_014519474,4,4,4,4,4,4,4,4,4,4,4,4,4,4,4,4,4,4
chr07_014519538,4,4,4,4,4,4,4,4,4,4,4,4,4,4,4,4,4,4
chr07_014926338,4,3,4,4,3,3,4,4,4,4,4,3,4,4,4,4,3,4
chr07_015408409,3,2,4,2,2,0,1,3,2,2,3,3,3,4,3,4,2,2
chr07_015748250,3,4,4,3,2,4,4,4,4,4,3,4,3,4,4,4,4,3
chr07_016646836,4,4,4,4,4,4,4,4,4,4,4,4,4,4,4,4,4,4
chr07_016646920,4,4,4,4,4,4,4,4,4,4,4,4,4,4,4,4,4,4
chr07_017620862,0,0,0,0,0,0,0,0,0,0,0,0,0,0,0,0,0,0
chr07_017980443,4,0,1,4,2,1,2,0,2,1,2,0,4,0,4,0,4,2
chr07_017980539,4,0,1,4,2,1,2,0,1,0,0,0,4,1,4,0,4,2
chr07_019187237,4,4,4,4,4,4,4,4,4,4,4,4,4,4,4,4,4,4
chr07_019920238,4,4,4,4,4,4,4,4,4,4,4,4,4,4,4,4,4,4
chr07_020548862,4,4,4,4,4,4,4,4,4,4,4,4,4,4,4,4,4,4
chr07_021311883,4,4,4,4,4,4,4,4,4,4,4,4,4,4,4,4,4,4
chr07_021484053,4,4,4,4,4,4,4,4,4,4,4,4,4,4,4,4,4,4
chr07_022281032,4,4,4,4,4,4,4,4,4,4,4,4,4,4,4,4,4,4
chr07_023352019,0,0,0,0,0,0,0,0,0,0,1,0,0,0,0,0,0,0
chr07_024404078,3,4,3,4,0,3,4,4,0,4,4,4,3,0,4,4,4,3
chr07_024981140,4,4,4,4,4,4,4,4,4,4,4,4,4,4,4,4,4,4
chr07_025125700,4,4,4,4,4,4,4,4,4,4,4,4,4,4,4,4,4,4
chr07_025394553,1,2,4,4,3,3,4,4,4,3,1,4,4,0,2,1,4,3
chr07_025472208,4,4,4,4,4,4,4,4,4,4,4,4,4,4,4,4,4,4
chr07_025472248,4,4,4,4,4,4,4,4,4,4,4,4,4,4,4,4,4,4
chr07_025472310,4,4,4,4,4,4,4,4,4,4,4,4,4,4,4,4,4,4
chr07_025472340,4,4,4,4,4,4,4,4,4,4,4,4,4,4,4,4,4,4
chr07_025656406,2,2,4,1,3,4,3,3,2,3,3,2,2,4,4,2,3,3
chr07_025818288,4,4,4,4,4,4,4,4,4,4,4,4,4,4,4,4,4,4
chr07_025818354,4,4,4,4,4,4,4,4,4,4,4,4,4,4,4,4,4,4
chr07_026520094,2,3,3,3,4,0,3,4,3,4,4,4,4,3,1,2,3,0
chr07_026691936,4,2,2,4,3,3,0,2,3,3,2,2,4,1,2,1,0,3
chr07_027322139,4,4,4,4,4,4,4,4,4,4,4,4,4,4,4,4,4,4
chr07_027336769,0,3,0,3,0,2,0,0,0,0,0,1,0,0,3,0,0,4
chr07_027497184,4,4,4,4,4,4,4,1,3,4,4,4,4,4,0,3,4,4
chr07_028579494,4,4,4,4,4,4,4,4,4,4,4,4,4,4,4,4,3,4
chr07_028579536,1,1,1,0,2,1,2,0,0,1,0,0,1,1,4,0,1,0
chr07_029732534,2,4,1,0,1,2,4,3,2,3,1,3,0,2,1,4,2,4
chr07_030208428,0,0,0,0,0,1,0,0,0,0,0,1,0,2,0,0,0,0
chr07_030208499,4,1,3,1,4,4,4,3,3,4,1,4,0,2,4,4,2,2
chr07_030208567,4,4,4,4,4,4,4,4,4,4,4,4,4,4,4,4,4,4
chr07_030708996,4,4,4,4,4,4,4,4,4,4,4,4,4,4,4,4,4,4
chr07_030709057,0,1,0,0,0,0,0,0,0,0,0,1,0,0,0,2,0,0
chr07_030908006,0,0,1,0,0,0,0,0,0,0,0,0,0,0,0,0,0,0
chr07_030940119,4,4,4,4,4,4,4,4,4,4,4,4,4,4,4,4,4,4
chr07_030986470,4,4,4,4,4,4,4,4,4,4,4,4,4,4,4,4,4,4
chr07_031000688,4,4,4,4,4,4,4,4,3,4,4,4,4,4,4,4,4,4
chr07_031125836,4,4,4,4,4,4,4,4,4,4,4,4,4,4,4,4,4,4
chr07_031134738,4,4,4,4,4,4,4,4,4,4,4,4,4,4,4,4,4,4
chr07_031210853,3,4,3,1,4,4,4,1,3,4,3,4,2,4,4,4,3,4
chr07_031210918,3,4,3,0,4,4,4,0,2,4,2,4,0,4,4,4,2,4
chr07_032412596,4,4,4,4,4,4,4,4,4,4,4,4,4,4,4,0,4,4
chr07_032412780,0,2,0,2,0,0,4,2,0,0,0,4,2,4,0,4,2,0
chr07_032504539,0,0,0,0,0,0,0,0,0,0,0,0,0,0,0,0,0,0
chr07_032818536,4,4,4,4,4,4,4,4,4,4,4,4,4,4,4,4,4,4
chr07_032818622,4,2,0,4,0,2,4,4,2,2,2,4,4,0,4,0,4,2
chr07_033089625,4,4,4,4,4,4,4,4,4,4,4,4,4,4,4,4,4,4
chr07_033262163,1,0,0,0,2,2,4,0,0,0,0,3,0,4,0,0,2,1
chr07_033615582,0,0,0,0,2,2,2,2,2,1,1,1,0,2,0,0,3,0
chr07_033615599,4,4,4,4,4,4,4,4,4,4,4,4,4,4,4,4,4,4
chr07_033891275,4,4,4,4,4,4,4,4,4,4,4,4,4,4,4,3,4,4
chr07_034118789,0,0,0,4,0,2,1,0,0,0,1,0,1,0,0,4,0,0
chr07_034372246,0,2,1,2,2,1,0,0,0,2,1,2,0,1,1,1,1,0
chr07_034699659,3,3,4,4,2,4,4,4,0,4,4,3,2,2,2,3,4,3
chr07_034699752,4,4,4,4,4,4,4,4,4,4,4,4,4,4,4,4,4,4
chr07_035510240,3,3,1,3,0,0,0,1,0,1,3,2,4,4,1,4,1,2
chr07_035558010,4,4,4,4,4,4,4,4,4,4,4,4,4,4,4,4,4,4
chr07_035558168,4,4,4,4,4,0,4,4,4,4,4,4,4,4,4,4,4,4
chr07_035574432,4,4,3,4,4,4,4,4,4,4,4,4,4,4,4,4,4,4
chr07_035574495,4,4,4,4,4,4,4,4,4,4,4,4,4,4,4,4,4,4
chr07_036005478,4,4,2,4,4,4,4,4,4,4,4,4,4,4,4,4,4,4
chr07_036005588,4,4,4,4,4,4,4,4,4,4,4,4,4,4,4,4,4,4
chr07_036005604,4,4,4,4,4,4,4,4,4,4,4,4,4,4,4,4,4,4
chr07_036757574,4,4,2,4,4,4,4,4,2,2,2,4,4,3,3,4,4,0
chr07_036802989,4,0,3,1,2,4,1,4,4,4,4,0,2,1,1,4,1,4
chr07_036803076,4,1,2,1,3,4,2,4,4,4,4,2,2,1,1,4,1,4
chr07_036803147,4,0,3,1,3,4,3,4,4,4,4,3,3,2,2,4,2,4
chr08_000516011,4,4,4,4,4,4,4,4,4,4,4,4,4,4,4,4,4,4
chr08_000558012,0,0,0,0,0,0,0,0,0,0,0,0,0,2,0,0,0,0
chr08_000576870,4,4,4,4,4,4,4,4,4,4,4,4,4,4,4,4,4,4
chr08_000599165,4,4,4,4,4,4,4,4,4,4,4,4,4,4,4,4,4,4
chr08_000943385,4,4,4,4,4,4,4,4,4,4,4,4,4,4,4,4,4,4
chr08_000988766,4,4,4,4,4,4,4,4,4,4,4,4,4,2,4,4,4,4
chr08_001021444,4,3,4,4,4,4,4,4,4,4,4,4,4,4,4,4,4,4
chr08_001021542,4,4,4,4,4,4,4,4,4,4,4,4,4,4,4,4,4,4
chr08_001021571,4,4,4,4,4,4,4,4,4,4,4,4,4,4,4,4,4,4
chr08_001052805,4,4,4,4,4,4,4,4,4,4,4,4,4,4,4,4,4,4
chr08_001200130,4,4,4,4,4,4,4,3,4,4,4,4,4,3,3,4,4,4
chr08_001200286,4,4,4,4,4,4,4,3,4,4,4,4,4,2,2,4,4,4
chr08_001393435,4,4,4,4,4,4,4,4,4,4,4,4,4,4,4,4,4,4
chr08_001398400,4,4,4,4,4,4,4,4,4,4,4,4,4,4,4,4,4,4
chr08_001398480,4,4,4,4,4,4,4,4,4,4,4,4,4,4,4,4,4,4
chr08_001666831,4,3,4,4,3,3,4,4,4,4,4,4,4,3,4,4,4,4
chr08_001691699,0,0,0,0,0,0,0,0,0,0,0,0,0,0,0,0,0,0
chr08_001691795,2,0,4,2,0,1,0,0,1,1,0,0,0,0,1,4,0,3
chr08_001740087,4,4,4,4,4,4,4,4,4,4,4,4,4,4,4,4,4,4
chr08_002634187,4,2,2,4,3,0,2,3,2,2,2,3,2,1,1,3,4,3
chr08_003123919,0,0,0,0,0,0,0,0,0,0,0,0,0,0,0,0,0,0
chr08_003139025,4,4,4,4,4,4,4,4,4,4,4,4,4,4,4,4,4,4
chr08_003357477,0,1,0,0,0,1,1,0,0,0,0,0,0,2,1,1,0,1
chr08_003447755,4,4,4,4,4,4,4,4,4,4,4,4,4,4,4,4,4,4
chr08_003447920,4,4,4,4,4,4,4,4,4,4,4,4,4,4,4,4,4,4
chr08_004011195,0,0,0,0,0,0,0,0,0,0,0,0,1,1,0,0,0,0
chr08_004013007,4,4,4,4,4,4,4,4,4,4,4,4,4,4,4,4,4,4
chr08_004252668,4,4,4,4,4,4,4,4,4,4,4,4,4,4,4,4,4,4
chr08_004340641,0,4,2,1,2,0,3,0,1,0,1,2,0,0,1,0,1,4
chr08_004592522,4,4,4,4,4,4,4,4,4,4,4,4,4,4,4,4,4,4
chr08_004592566,4,4,4,4,4,4,4,4,4,4,4,4,4,4,4,4,4,4
chr08_004592612,4,4,4,4,4,4,4,4,4,4,4,4,4,4,4,4,4,4
chr08_004592696,4,4,4,4,4,4,4,4,4,4,4,4,4,4,4,4,4,4
chr08_004645864,4,4,4,1,1,1,2,3,4,3,1,4,2,4,3,3,3,3
chr08_004645906,4,4,4,4,4,4,4,4,4,4,4,4,4,4,4,4,4,4
chr08_004940577,4,4,4,4,4,4,4,4,4,4,4,4,4,4,4,4,4,4
chr08_005076307,4,2,2,3,3,3,2,4,0,4,1,2,1,1,3,3,1,1
chr08_005076429,4,4,4,4,4,4,4,4,4,4,4,4,4,4,4,4,4,4
chr08_005737714,3,4,4,4,4,4,3,2,3,4,4,4,4,4,4,4,4,4
chr08_005740029,3,4,4,4,4,4,3,3,3,4,4,4,4,4,4,4,4,4
chr08_005814532,4,2,3,2,2,3,2,4,3,2,3,3,4,3,2,2,2,2
chr08_005994894,4,4,4,4,4,4,4,4,4,4,4,4,4,4,4,4,4,4
chr08_005994942,4,4,4,4,4,4,4,4,4,4,4,4,4,4,4,4,4,4
chr08_005995066,4,4,4,4,3,3,4,4,4,4,4,4,4,4,4,4,3,4
chr08_006262238,0,0,2,1,1,0,1,1,0,1,0,0,0,0,2,1,1,1
chr08_006800397,4,4,4,4,4,4,4,4,4,4,4,4,4,4,4,4,4,4
chr08_006800454,4,4,4,4,4,4,4,4,4,4,4,4,4,4,4,4,4,4
chr08_006898302,4,4,4,4,4,4,4,4,4,4,4,4,4,4,4,4,4,4
chr08_007135186,4,4,4,4,4,4,4,4,4,4,4,4,4,4,4,4,4,4
chr08_007528802,2,1,0,1,2,2,0,3,1,1,2,2,2,0,3,0,0,0
chr08_007528936,4,4,4,4,4,4,4,4,4,4,4,4,4,4,4,4,4,4
chr08_007537534,4,4,4,3,2,1,3,2,4,4,3,3,3,2,4,4,3,3
chr08_007537634,4,4,4,4,4,4,4,4,4,4,4,4,4,4,4,4,4,4
chr08_007590062,4,4,4,4,4,4,4,4,4,4,4,4,4,4,4,4,4,4
chr08_007590132,4,4,4,4,4,4,4,2,4,4,4,2,4,4,4,4,4,4
chr08_008139103,2,4,4,4,4,4,2,4,3,4,3,3,3,4,4,4,4,4
chr08_008398870,3,4,4,4,4,4,3,4,3,4,2,2,3,3,4,4,4,4
chr08_008448017,4,4,4,4,4,4,4,4,4,4,4,4,4,4,4,4,4,4
chr08_008932331,4,4,4,4,4,4,4,4,4,4,4,4,4,4,4,4,4,4
chr08_009509177,0,0,0,0,0,0,0,0,0,0,0,0,0,0,0,0,0,0
chr08_009867283,4,4,4,4,4,4,4,4,4,4,4,4,4,4,4,4,4,4
chr08_010323678,4,3,3,4,4,4,4,3,4,3,4,3,4,4,4,4,4,3
chr08_010336148,4,4,4,4,4,4,4,4,4,4,4,4,4,4,4,4,4,4
chr08_010683670,4,4,4,4,4,4,4,4,4,4,4,4,4,4,4,4,4,4
chr08_010893081,2,0,0,2,0,0,0,0,0,0,4,0,2,0,0,0,0,0
chr08_011020494,4,4,4,4,4,4,4,4,4,4,4,4,4,4,4,4,4,4
chr08_011020526,4,4,4,4,4,4,4,4,4,4,4,4,4,4,4,4,4,4
chr08_011249543,4,4,3,2,4,4,2,4,4,3,4,2,4,3,2,4,3,3
chr08_011251783,4,4,4,4,4,4,4,4,4,4,4,4,4,4,4,4,4,4
chr08_011307408,4,4,4,4,4,4,4,4,4,4,4,4,4,4,4,4,4,4
chr08_011595403,4,3,4,3,4,4,4,4,4,4,4,3,4,4,4,4,4,3
chr08_012081200,4,4,4,4,4,4,4,4,4,4,4,4,4,4,4,4,4,4
chr08_012186630,3,3,4,4,4,4,3,4,4,4,4,4,4,3,4,4,4,3
chr08_012316323,4,4,4,4,4,4,4,4,4,4,4,4,4,4,4,4,4,4
chr08_012936708,4,3,0,0,2,1,0,2,2,0,1,0,0,1,4,0,1,1
chr08_013582759,4,4,4,4,4,4,4,4,4,4,4,4,4,4,4,4,4,4
chr08_013745032,3,4,4,4,4,4,4,4,4,4,3,4,4,4,3,4,2,4
chr08_014844239,2,0,0,0,0,0,0,0,0,0,0,2,0,0,0,0,0,0
chr08_015368248,0,0,0,0,0,0,0,0,0,0,0,0,0,0,0,0,0,0
chr08_015368308,0,0,0,0,0,0,0,0,0,0,0,0,0,0,0,0,0,0
chr08_015679890,0,0,0,0,0,0,0,0,0,0,0,0,0,0,0,0,0,0
chr08_015984026,3,4,4,2,4,4,4,4,3,4,2,4,2,4,4,4,4,1
chr08_016052258,4,4,4,4,4,4,4,4,4,4,4,4,4,4,4,4,4,4
chr08_016725909,0,2,1,0,0,0,1,4,0,2,1,0,1,0,0,3,0,1
chr08_016726046,0,3,1,1,2,1,2,4,2,2,1,1,0,0,0,4,1,1
chr08_016808964,2,4,2,1,2,3,4,0,4,2,4,2,2,1,1,0,2,3
chr08_016809028,1,1,1,2,0,0,2,0,2,1,3,0,2,1,0,0,3,2
chr08_016898445,4,4,0,4,4,4,4,4,4,4,4,2,3,2,3,4,3,4
chr08_017564293,4,4,4,4,4,4,4,4,4,4,4,4,4,4,4,4,4,4
chr08_018567482,4,4,3,4,4,4,4,4,4,4,4,4,4,4,4,4,4,4
chr08_018698221,4,3,2,4,2,3,3,4,3,3,2,3,3,3,1,3,3,4
chr08_019505311,0,0,0,0,0,0,0,0,0,0,0,0,0,0,0,0,1,0
chr08_019799604,4,4,4,4,4,4,4,4,4,4,4,4,4,4,4,4,4,4
chr08_019878397,4,4,4,4,4,4,4,4,4,4,4,4,4,4,4,4,4,3
chr08_020044888,3,4,4,3,2,3,3,4,2,3,3,3,3,4,3,4,4,3
chr08_020121482,4,4,4,4,3,4,4,4,4,4,4,4,4,4,4,4,4,3
chr08_021034550,4,4,4,4,4,4,4,4,4,4,4,4,4,4,4,4,4,4
chr08_021034602,4,4,4,4,4,4,4,4,4,4,4,4,4,4,4,4,4,4
chr08_021394203,0,0,0,0,1,1,0,0,0,1,0,1,0,0,1,0,0,0
chr08_021529428,4,4,4,4,2,4,4,4,4,4,4,4,4,4,4,4,4,4
chr08_022457019,0,0,0,0,0,0,0,0,0,0,0,0,0,0,0,0,0,1
chr08_023888013,0,0,0,0,0,0,0,0,0,0,0,0,0,0,0,0,0,0
chr08_024254060,0,0,0,0,0,0,0,0,0,0,0,0,0,0,0,0,0,0
chr08_024630092,0,4,4,4,4,4,4,4,4,4,4,4,4,4,4,4,4,4
chr08_025318618,2,3,0,2,3,4,2,4,0,2,4,2,3,0,1,3,0,3
chr08_025551412,2,0,0,1,0,0,0,1,0,0,3,1,1,0,1,1,0,2
chr08_025806044,0,4,4,4,4,4,4,4,4,4,4,4,4,4,4,4,4,3
chr08_025952205,0,0,0,0,0,0,0,0,0,0,0,0,0,0,0,0,0,0
chr08_025968774,4,2,4,3,4,1,4,3,3,3,4,3,4,4,4,2,4,3
chr08_026271676,4,3,3,4,4,4,3,4,4,3,4,4,4,4,4,4,4,4
chr08_027288352,3,4,2,4,3,4,3,4,4,4,2,4,3,4,2,4,3,3
chr08_027762839,2,3,4,4,4,4,4,4,3,3,4,4,0,1,4,3,4,4
chr08_028080069,4,4,4,4,4,4,4,4,4,4,4,4,4,4,4,4,4,4
chr08_028630222,4,4,4,3,4,4,3,4,3,4,4,4,4,4,4,4,4,4
chr08_028844954,4,4,4,4,4,4,4,4,4,4,4,4,4,4,4,4,4,4
chr08_028879015,4,4,4,4,4,4,4,4,4,4,4,4,4,4,4,4,4,4
chr08_028879044,4,4,4,3,2,3,2,3,3,3,4,3,4,1,3,4,2,4
chr08_028879152,4,4,4,4,4,4,4,4,4,4,4,4,4,4,4,4,4,4
chr08_028879187,4,4,4,3,4,4,4,4,4,4,4,4,4,4,4,4,4,4
chr08_028883531,1,2,1,1,3,3,2,1,0,2,0,2,1,3,0,3,3,1
chr08_028934686,3,2,4,4,4,4,4,4,4,4,4,4,3,2,4,3,4,4
chr08_029100257,4,4,4,4,4,4,4,4,4,4,4,4,4,4,4,4,4,4
chr08_029216372,4,4,4,4,4,4,4,4,4,4,4,4,4,4,4,4,4,4
chr08_029651045,1,1,2,0,4,1,0,0,0,1,1,0,1,1,1,1,1,0
chr08_029682799,4,4,4,4,4,4,4,4,4,4,4,4,4,4,4,4,4,4
chr08_029682945,4,4,4,4,4,4,4,4,4,4,4,4,4,4,4,4,4,4
chr08_029907732,4,4,4,4,3,4,4,4,4,3,4,4,4,3,4,4,4,4
chr08_029907825,0,0,0,2,0,0,0,0,0,0,0,0,0,0,0,0,0,0
chr08_030147442,2,3,3,4,1,3,2,0,1,3,0,1,1,1,2,2,2,1
chr08_030147563,2,4,3,4,3,4,3,4,3,4,2,2,2,1,4,2,3,1
chr08_030147608,3,4,2,4,1,2,3,2,0,0,2,2,2,1,2,2,1,2
chr08_030727592,4,4,4,4,4,4,4,4,4,4,4,4,4,4,4,4,4,4
chr08_031195104,3,4,2,2,1,4,0,2,1,0,1,1,3,4,0,0,3,0
chr08_031195172,4,4,3,4,1,3,4,4,4,4,4,4,4,4,4,0,4,0
chr08_031693731,0,0,0,0,0,0,0,0,0,0,0,0,0,0,0,0,0,0
chr08_032276132,4,4,4,4,4,4,4,4,4,4,4,4,4,4,4,4,4,4
chr08_032412254,3,4,4,4,4,4,4,4,4,4,4,3,4,3,4,4,4,4
chr08_032594481,2,3,1,2,2,1,1,1,1,4,0,1,1,2,3,3,1,2
chr08_032594512,4,4,4,4,4,4,4,4,4,4,4,4,4,4,4,4,4,4
chr08_032594549,4,4,4,4,4,4,4,4,4,4,4,4,4,4,4,4,4,4
chr08_032954217,4,2,3,4,4,4,2,3,1,4,3,1,2,4,2,3,4,4
chr08_033198166,4,4,4,4,4,4,4,4,4,4,4,4,4,4,4,4,4,4
chr08_033897032,4,3,4,3,3,3,4,4,4,4,4,4,4,4,4,4,3,3
chr08_034182837,3,1,2,3,3,1,2,4,4,3,2,2,2,2,3,4,2,3
chr08_034182967,4,4,4,4,4,4,4,4,4,4,4,4,4,4,4,4,4,4
chr08_034183002,4,4,4,4,4,4,4,4,4,4,4,4,4,4,4,4,4,4
chr08_034459921,4,4,4,4,4,4,4,4,4,4,4,4,4,4,4,4,4,4
chr08_034708076,4,4,4,4,4,4,4,4,4,4,4,4,4,4,4,4,4,4
chr08_035100292,3,3,4,4,4,3,4,3,4,4,4,4,4,4,3,4,4,3
chr08_035524254,0,0,0,0,1,1,1,0,1,1,1,0,0,1,1,0,0,0
chr08_036058149,3,3,2,4,2,1,2,3,4,1,2,0,1,0,2,3,4,4
chr08_036538924,4,4,4,4,4,4,4,4,4,4,4,4,4,4,4,4,4,4
chr08_036832306,4,4,4,4,4,4,4,4,4,4,4,4,4,4,4,4,4,4
chr08_036988583,4,4,4,4,4,4,4,4,4,4,4,4,4,4,4,4,4,4
chr08_037587232,0,2,2,4,4,3,4,3,4,4,4,4,4,2,4,4,4,1
chr08_037598877,4,4,4,4,4,4,4,4,4,4,4,4,4,4,4,4,4,4
chr08_037683000,4,4,4,4,4,4,4,4,4,4,4,4,4,4,4,4,4,4
chr08_038253128,1,2,0,0,0,2,4,1,0,2,0,0,0,3,4,0,0,2
chr09_000048678,4,3,4,3,2,4,1,3,1,4,4,4,4,3,4,4,4,4
chr09_000183150,4,4,4,4,4,4,4,4,4,4,4,4,4,4,4,4,4,4
chr09_000634275,2,2,4,4,4,4,4,4,4,4,3,4,2,2,4,4,2,4
chr09_000634304,4,4,4,4,4,4,4,4,4,4,4,4,4,4,4,4,4,4
chr09_000842502,4,3,4,4,4,3,3,3,4,4,3,4,4,2,4,4,3,4
chr09_000847000,0,1,0,1,1,1,2,0,0,0,0,0,0,0,1,1,0,0
chr09_001154255,0,3,1,2,2,3,2,1,1,0,2,2,2,0,2,2,1,0
chr09_001255701,4,4,4,2,4,4,3,3,4,4,4,4,4,4,4,4,4,4
chr09_001313542,4,4,4,4,4,4,4,4,4,4,4,4,4,4,4,4,4,4
chr09_001314186,4,4,4,4,4,4,4,4,4,4,4,4,4,4,4,4,4,4
chr09_001362314,4,4,4,4,4,4,4,4,4,4,4,4,4,4,4,4,4,4
chr09_001429712,4,4,4,4,4,4,4,4,4,4,4,4,4,4,4,4,4,4
chr09_001429867,4,4,4,4,4,4,4,4,4,4,4,4,4,4,4,4,4,4
chr09_001614530,4,4,4,4,4,3,4,4,4,4,4,4,4,4,4,4,3,4
chr09_001614578,0,0,0,0,0,0,0,0,0,0,0,0,0,0,0,0,0,0
chr09_001614631,4,4,4,4,4,4,4,4,4,4,4,4,4,4,4,4,4,4
chr09_001656724,0,0,0,0,0,0,0,0,0,0,0,0,0,0,0,0,0,0
chr09_001914611,4,4,4,4,4,4,4,4,4,4,4,4,4,4,4,4,4,4
chr09_001914672,4,4,4,4,4,4,4,4,4,4,4,4,4,4,4,4,4,4
chr09_001959697,3,2,1,4,2,3,4,4,4,4,4,4,4,4,4,4,2,4
chr09_002086981,1,3,1,0,2,3,1,3,2,2,1,1,1,3,2,3,3,1
chr09_002466159,0,0,0,2,0,1,0,1,0,0,0,0,0,1,1,0,2,0
chr09_002846284,4,4,4,4,4,4,4,4,4,4,4,4,4,4,4,4,4,4
chr09_003105313,4,4,4,4,3,3,4,4,4,4,4,4,4,4,4,4,4,4
chr09_003166945,4,4,4,4,4,4,4,4,4,4,4,4,4,4,4,4,4,4
chr09_003166968,4,4,4,4,3,3,4,4,4,4,4,4,4,4,4,4,4,4
chr09_003167092,4,4,4,4,4,4,4,4,4,4,4,4,4,4,4,4,4,4
chr09_003568833,4,4,4,4,4,4,4,4,4,4,4,4,4,4,4,4,4,4
chr09_003753059,1,0,1,1,1,0,1,0,1,0,1,0,1,0,0,1,0,1
chr09_004377032,4,4,4,4,4,4,4,4,4,4,4,4,4,4,4,4,4,4
chr09_004383774,4,4,4,4,4,4,4,4,4,4,4,4,4,4,4,4,4,4
chr09_004538831,3,4,4,4,4,4,4,4,4,4,3,3,4,4,4,4,4,4
chr09_004538943,2,2,0,3,2,3,1,1,4,0,2,1,2,1,1,3,2,3
chr09_004543045,3,4,3,3,4,4,2,4,3,3,2,2,3,2,2,2,2,3
chr09_004559741,4,4,4,4,4,4,4,4,4,4,4,4,4,4,3,4,4,4
chr09_004567530,0,4,4,4,4,4,0,4,3,4,4,3,4,4,2,3,4,4
chr09_004708670,4,4,4,4,4,4,4,4,4,4,4,4,4,4,4,4,4,4
chr09_004764326,4,4,4,4,4,4,4,4,4,3,4,4,4,4,4,4,4,4
chr09_004796578,4,4,4,4,4,0,4,4,4,4,4,4,4,4,4,2,2,4
chr09_004839568,4,4,4,4,4,3,4,4,4,4,4,4,4,4,4,3,4,4
chr09_005052200,3,0,0,0,0,0,2,0,4,0,0,2,0,0,1,0,4,2
chr09_005255972,4,3,4,3,3,2,4,4,2,4,2,4,3,4,3,2,3,4
chr09_005256021,1,0,2,0,0,0,1,1,3,2,3,4,4,1,4,4,1,2
chr09_005386027,3,3,3,2,3,3,3,4,3,4,2,2,3,4,3,3,3,4
chr09_005699438,3,4,4,4,4,4,2,4,4,4,4,2,4,4,4,4,4,4
chr09_005725932,4,4,4,4,4,4,4,4,4,4,4,4,4,4,4,4,4,4
chr09_005837549,4,4,0,4,4,4,4,4,0,0,4,4,4,1,4,4,4,2
chr09_005870828,4,4,4,4,4,4,4,4,4,4,4,4,3,4,4,4,4,4
chr09_005922345,4,3,3,4,3,3,4,4,2,4,4,4,3,4,3,3,3,4
chr09_006186296,2,1,0,3,0,0,1,0,0,0,1,0,1,2,3,0,2,0
chr09_006223294,4,4,4,4,4,4,4,4,4,4,4,4,4,4,4,4,4,4
chr09_006758817,0,0,0,0,0,0,1,0,0,1,0,0,0,1,0,0,0,0
chr09_006888740,3,4,4,3,2,2,2,4,0,3,4,4,2,1,4,2,4,4
chr09_007221967,2,2,1,3,1,2,0,2,0,0,3,0,2,0,0,0,0,0
chr09_007546186,4,4,4,0,2,3,3,4,4,1,3,2,3,1,3,0,4,1
chr09_007546211,3,4,4,4,4,4,4,4,4,4,4,4,4,4,4,4,4,4
chr09_007546345,3,4,4,1,3,3,3,4,4,1,4,3,2,1,2,2,3,1
chr09_007546380,2,3,4,0,0,1,3,2,3,4,2,3,3,4,0,4,3,4
chr09_007644472,4,4,4,4,4,4,4,4,4,4,4,4,4,4,4,4,4,4
chr09_007870653,0,0,0,0,0,0,0,0,0,0,0,0,0,0,0,0,0,0
chr09_007900801,3,3,4,2,4,2,4,4,4,4,4,3,4,4,4,0,4,4
chr09_007900841,4,4,4,4,4,4,4,4,4,4,4,4,4,4,4,4,4,4
chr09_008028982,0,2,4,3,4,3,1,2,4,2,2,4,1,2,3,4,3,4
chr09_008029033,4,4,4,4,4,4,4,4,4,4,4,4,4,4,4,4,4,3
chr09_009186124,4,4,4,4,4,4,4,4,4,4,4,4,4,4,4,4,4,4
chr09_009219997,4,4,4,4,4,4,4,4,4,4,4,4,4,4,4,4,4,4
chr09_009220033,0,0,0,0,0,0,0,0,0,0,0,0,0,0,0,0,0,0
chr09_009498647,4,4,4,4,4,4,4,4,4,4,4,4,4,4,4,4,4,4
chr09_009517220,4,4,4,4,4,4,4,4,4,4,4,4,4,4,4,4,4,4
chr09_009569899,0,0,0,0,0,0,0,0,0,0,0,0,0,0,0,0,0,0
chr09_009911605,4,4,4,4,4,4,4,4,4,4,4,4,4,4,4,4,4,4
chr09_009912660,4,4,4,4,4,4,4,4,4,4,4,4,4,4,4,4,4,4
chr09_009912680,4,4,4,4,4,4,4,4,4,4,4,4,4,4,4,4,4,4
chr09_009912700,4,4,4,4,4,4,4,4,4,4,4,4,4,4,4,4,4,4
chr09_009912739,4,4,4,4,4,4,4,4,4,4,4,4,4,4,4,4,4,4
chr09_010235535,4,4,4,4,4,4,4,4,4,4,4,4,4,4,4,4,4,4
chr09_010280763,0,0,0,3,4,0,0,0,0,0,0,0,2,0,0,1,0,3
chr09_010314669,4,4,4,4,4,4,4,4,4,4,4,4,4,4,4,4,4,4
chr09_010314718,4,4,4,4,4,4,4,4,4,4,4,4,4,4,4,4,4,4
chr09_010314855,4,4,4,4,4,4,4,4,4,4,4,4,4,4,4,4,4,4
chr09_010314886,4,4,4,4,4,4,4,4,4,4,4,4,4,4,4,4,4,4
chr09_010810013,4,4,4,4,4,4,4,4,4,4,4,4,4,4,4,4,4,4
chr09_011369054,4,4,4,4,4,4,4,4,4,4,4,4,4,4,4,4,4,4
chr09_011595275,0,0,0,1,1,1,2,1,2,1,0,4,2,1,0,0,0,1
chr09_011595306,4,4,4,4,4,4,4,4,4,4,4,4,4,4,4,4,4,4
chr09_011600953,4,4,4,4,4,4,4,4,4,4,4,4,4,4,4,4,4,4
chr09_011604660,4,4,4,4,4,4,4,4,4,4,4,4,4,4,4,4,4,4
chr09_011604684,4,4,4,4,4,4,4,4,4,4,4,4,4,4,4,4,4,4
chr09_011604738,4,4,4,4,4,4,4,4,4,4,4,4,4,4,4,4,4,4
chr09_011680095,4,4,4,4,4,4,4,4,4,4,4,4,4,4,4,4,4,4
chr09_011680255,4,4,4,4,4,4,4,4,4,4,4,4,4,4,4,4,4,4
chr09_012085903,0,0,0,0,0,0,0,0,0,0,0,0,0,0,0,0,0,0
chr09_012450834,4,4,4,4,4,2,4,4,4,4,4,3,4,4,3,4,4,3
chr09_012450858,2,2,1,1,1,1,1,3,1,3,2,4,2,2,3,0,0,1
chr09_012838118,4,4,4,4,4,4,4,4,4,4,4,4,4,3,4,4,4,4
chr09_012838140,4,4,4,4,4,4,4,4,4,4,4,4,4,4,4,4,4,4
chr09_012865570,4,4,4,4,4,4,4,4,4,4,4,4,4,4,4,4,4,4
chr09_013287810,2,2,4,3,1,3,4,4,4,3,3,3,3,4,3,3,2,3
chr09_013912834,4,4,4,4,4,4,4,4,4,4,4,4,4,4,4,4,4,4
chr09_013989349,4,4,4,4,4,4,4,4,4,4,4,0,4,4,4,4,4,4
chr09_014543731,4,4,4,4,4,4,4,4,4,4,4,4,4,4,4,4,4,4
chr09_014543864,4,4,4,4,4,4,4,4,4,4,4,4,4,4,4,4,4,4
chr09_014685147,4,4,4,4,4,4,4,4,4,4,4,4,4,4,4,4,4,4
chr09_014988141,4,4,4,4,4,4,4,4,4,4,4,4,4,4,4,4,4,4
chr09_015446061,2,2,2,2,2,1,1,2,0,1,2,1,1,0,3,1,3,2
chr09_015561838,1,1,1,1,0,0,0,3,1,3,1,3,2,0,2,1,0,3
chr09_015564184,4,4,4,4,4,4,4,4,4,4,4,4,4,4,4,4,4,4
chr09_015567355,4,4,4,4,4,4,4,4,4,4,4,4,4,4,4,4,4,4
chr09_015638403,4,4,4,4,4,4,4,4,4,4,4,4,4,4,4,4,4,4
chr09_015684094,1,4,4,0,4,4,4,4,3,4,4,0,4,4,4,4,4,3
chr09_015740110,4,4,4,4,4,4,4,4,4,4,4,4,4,4,4,4,4,4
chr09_015760060,2,0,0,0,0,0,1,1,1,0,2,0,1,1,1,0,0,1
chr09_016312015,4,4,4,4,4,4,4,4,4,4,4,4,4,4,4,4,4,4
chr09_016313500,3,4,2,2,2,1,1,2,2,1,3,4,2,4,3,2,3,2
chr09_016568848,0,0,0,0,0,0,0,0,0,0,0,0,0,0,0,0,0,0
chr09_016621900,0,0,0,0,0,0,0,0,0,0,0,0,0,0,0,0,0,0
chr09_016887872,4,4,4,4,4,4,4,4,4,4,4,4,4,4,4,4,4,4
chr09_016887982,0,0,0,0,0,0,0,0,0,0,0,0,0,0,0,0,0,0
chr09_017375576,0,0,0,0,0,0,0,0,0,0,0,0,0,0,0,0,0,0
chr09_017691994,4,4,4,4,4,4,4,4,4,4,4,4,4,4,4,4,4,4
chr09_018057630,0,0,0,0,0,0,0,0,0,0,0,0,0,0,0,0,0,0
chr09_018123572,4,4,4,4,4,4,4,4,4,4,4,4,4,4,4,4,4,4
chr09_018404852,4,4,4,4,3,4,4,4,4,4,4,4,4,4,4,4,4,4
chr09_018662170,2,1,0,1,0,1,2,2,0,0,3,1,3,3,1,3,0,1
chr09_019460212,1,0,1,2,0,0,0,0,0,0,3,0,1,1,0,0,0,0
chr09_019553871,2,3,1,2,3,3,2,1,1,3,3,1,2,4,1,2,3,0
chr09_019553968,4,4,4,4,4,4,4,4,4,4,4,4,4,4,4,4,4,4
chr09_019553993,4,4,4,4,4,4,4,4,4,4,4,4,4,4,4,4,4,4
chr09_020163817,4,4,4,4,4,4,4,4,4,4,4,4,4,4,4,4,4,4
chr09_020466605,4,4,4,4,4,4,4,4,4,4,4,4,4,4,4,4,4,4
chr09_020668505,4,4,4,4,4,4,4,4,4,4,4,4,4,4,3,4,3,4
chr09_020668539,4,4,4,4,4,4,4,4,4,4,4,4,4,4,4,4,4,4
chr09_020668568,4,4,4,4,4,4,4,4,4,4,4,4,4,4,4,4,4,4
chr09_020668649,4,4,4,4,4,4,4,4,4,4,4,4,4,4,4,4,4,4
chr09_020840218,0,0,0,0,0,0,0,0,0,0,0,0,0,0,0,0,0,0
chr09_021150588,0,3,4,4,4,4,4,4,4,4,4,3,3,3,3,4,1,4
chr09_021624015,4,4,4,4,4,4,4,4,4,4,4,4,4,4,4,4,4,4
chr09_021630281,4,4,4,4,4,4,4,4,4,4,4,4,4,4,4,4,4,4
chr09_021812941,4,4,4,4,4,4,4,4,4,4,4,4,4,4,4,4,4,4
chr09_022115182,4,4,4,4,4,4,4,4,4,4,4,4,4,4,4,4,4,4
chr09_022115236,4,4,4,4,4,4,4,4,4,4,4,4,4,4,4,4,4,4
chr09_022115349,4,4,4,4,4,4,4,4,4,4,4,4,4,4,4,4,4,4
chr09_022115385,0,0,4,0,4,2,0,4,0,0,0,0,1,0,0,0,0,0
chr09_022313972,4,4,4,4,4,4,4,4,4,4,4,4,4,4,4,4,4,4
chr09_022314065,4,4,4,4,4,4,4,4,4,4,4,4,4,4,4,4,4,4
chr09_022396793,4,4,4,4,4,4,4,4,4,4,4,4,4,4,4,4,4,4
chr09_022926219,4,4,4,4,4,4,4,4,4,4,4,4,4,4,4,4,4,4
chr09_023290817,4,4,4,4,4,4,4,4,4,4,4,4,4,4,4,4,4,4
chr09_023422855,4,4,4,4,4,4,4,4,4,4,4,4,4,4,4,4,4,4
chr09_024139588,1,2,1,2,0,1,0,4,1,2,3,2,3,2,1,2,2,3
chr09_024202030,1,0,0,1,0,0,0,3,0,2,2,1,1,1,0,1,1,2
chr09_024367731,4,4,4,4,4,4,4,4,4,4,4,4,4,4,4,4,4,4
chr09_024917006,2,2,3,3,1,3,0,2,2,2,4,3,3,2,2,0,3,2
chr09_025533149,4,4,4,4,4,4,4,4,4,4,4,4,4,4,4,4,4,4
chr09_026933339,3,3,3,4,4,4,3,4,4,4,4,4,4,4,4,3,4,4
chr09_027171146,4,4,4,4,4,4,4,4,4,4,4,4,4,4,4,4,4,4
chr09_027557432,4,4,4,4,4,4,4,4,4,4,4,4,4,4,4,4,4,4
chr09_027669610,4,4,4,4,4,4,4,4,4,4,4,4,4,4,4,4,4,4
chr09_027669708,4,4,4,4,4,4,3,4,4,4,4,4,4,4,4,4,4,4
chr09_027669727,3,1,3,4,3,3,1,1,1,3,1,3,2,1,3,2,0,2
chr09_028161618,4,4,4,4,4,4,4,4,4,4,4,4,4,4,4,4,4,4
chr09_030670391,4,3,4,4,4,3,3,4,4,3,2,3,2,4,3,4,4,4
chr09_030926935,4,4,4,3,4,4,4,4,0,4,4,3,4,4,4,4,4,4
chr09_031324348,3,3,3,2,4,3,4,4,0,4,4,2,4,2,3,4,4,3
chr09_031920776,4,4,4,4,4,4,4,4,4,4,4,4,4,4,4,4,4,4
chr09_032095706,0,0,0,0,0,0,0,0,0,0,0,0,0,0,0,0,0,0
chr09_032564480,4,4,4,4,4,4,4,4,4,4,4,4,4,4,4,4,4,4
chr09_032787098,4,4,4,3,4,4,4,1,3,4,3,2,4,2,4,3,4,4
chr09_033026689,4,4,4,4,4,4,4,4,4,4,4,4,4,4,4,4,4,4
chr09_033470547,3,4,4,4,2,2,2,4,4,4,4,4,4,3,4,3,3,4
chr09_034241401,0,0,0,0,0,0,0,0,0,0,0,0,0,0,0,0,0,0
chr09_034424465,4,4,4,4,4,4,4,4,4,4,4,4,4,4,4,4,4,4
chr09_036266430,4,4,4,4,4,4,4,4,4,4,4,3,4,3,4,3,4,4
chr09_037352830,4,4,0,4,4,4,4,4,4,4,4,4,2,4,4,4,4,4
chr09_037764635,4,4,4,4,4,4,4,4,4,4,4,4,4,4,4,4,4,4
chr09_038023246,0,0,0,0,0,0,0,0,0,0,0,0,0,0,0,0,0,0
chr09_038322347,0,0,0,0,0,0,0,0,0,0,0,2,0,1,0,4,0,0
chr09_038342017,0,1,0,0,0,0,0,0,0,2,0,1,0,2,0,2,0,0
chr09_038656205,4,4,4,3,4,4,4,3,3,4,4,4,4,3,4,4,4,4
chr09_039352042,4,4,4,4,4,3,4,3,3,4,4,4,4,3,4,4,0,4
chr09_039378863,4,4,4,4,4,4,4,4,4,4,4,4,4,4,4,4,4,4
chr09_039827612,0,0,0,1,0,1,1,1,1,1,2,1,2,1,0,2,3,0
chr09_040344348,4,4,2,4,4,3,4,2,3,3,3,2,4,3,2,4,4,3
chr09_040427140,4,4,4,4,4,4,4,4,4,4,4,4,4,4,4,4,4,4
chr09_041081142,4,4,4,4,4,4,4,4,4,4,4,4,4,4,4,4,4,4
chr09_041407931,0,3,0,2,1,0,0,1,0,0,1,0,2,2,0,0,0,1
chr10_000053732,4,4,4,4,4,4,4,4,4,4,4,4,4,4,4,4,4,4
chr10_000056734,4,4,4,4,4,4,4,4,4,4,4,4,4,4,4,4,4,4
chr10_000302955,4,4,4,4,4,4,4,4,4,4,4,4,4,4,4,4,4,4
chr10_000302999,4,4,4,4,4,4,4,4,4,4,4,4,4,4,4,4,4,4
chr10_000425350,3,3,3,3,4,3,4,3,3,4,3,3,3,3,3,3,3,3
chr10_000456652,0,0,0,0,0,0,0,0,0,0,0,0,0,0,0,0,0,0
chr10_000467634,0,0,0,0,1,0,0,0,1,0,0,1,0,0,2,0,3,0
chr10_000479726,4,4,2,4,2,2,4,4,4,4,4,4,4,2,2,4,4,4
chr10_000756838,4,2,4,4,4,4,4,4,4,2,4,4,4,4,4,4,3,4
chr10_000886291,4,4,4,4,4,4,4,4,4,4,4,4,4,4,4,4,4,4
chr10_000897856,4,0,2,4,2,4,4,4,2,4,3,4,4,0,4,4,4,2
chr10_000940990,4,4,4,4,4,4,4,4,4,4,4,4,4,4,4,4,4,4
chr10_000941097,4,4,4,4,4,4,4,4,4,4,4,4,4,4,4,4,4,4
chr10_001157266,4,4,4,3,4,4,4,4,4,4,4,4,4,4,4,4,3,4
chr10_001230688,3,4,4,4,4,4,4,4,4,3,4,4,4,4,4,3,4,4
chr10_001230786,4,3,4,4,4,4,4,4,4,4,4,4,2,4,3,4,4,2
chr10_001593524,4,4,4,4,4,4,4,4,4,4,4,4,4,4,4,4,4,4
chr10_001858789,4,4,4,4,3,3,4,3,4,4,4,4,4,4,4,4,4,4
chr10_002288902,4,4,4,4,4,4,4,4,4,4,4,4,4,4,4,4,4,4
chr10_002541127,4,4,4,4,4,4,4,4,4,4,4,4,4,4,4,4,4,4
chr10_002696369,4,4,4,4,4,4,4,4,4,4,4,4,4,4,4,4,4,4
chr10_002696535,0,0,0,0,0,0,0,0,0,0,0,0,0,0,0,0,0,0
chr10_002704663,0,0,0,0,0,0,0,0,0,0,0,0,0,0,0,0,0,0
chr10_002962379,4,4,3,3,3,3,3,3,4,3,4,4,3,3,3,4,4,2
chr10_003331782,4,4,4,4,4,4,4,4,4,4,4,4,4,4,4,4,4,4
chr10_003464307,4,4,4,4,4,4,4,4,4,4,4,4,4,4,4,4,4,4
chr10_003996408,4,4,4,4,4,4,4,4,4,4,4,4,4,4,4,4,4,4
chr10_005285021,4,4,4,4,4,4,4,4,4,4,4,4,4,4,4,4,4,4
chr10_005286279,4,4,4,4,4,4,4,4,4,4,4,4,4,4,4,4,4,4
chr10_005286345,4,3,2,4,3,3,4,4,4,4,4,4,4,0,4,4,2,4
chr10_005286424,4,4,4,4,4,4,4,4,4,4,4,4,4,4,4,3,3,4
chr10_005426137,4,3,2,3,3,3,3,4,4,4,4,4,4,4,3,3,3,4
chr10_005649036,1,1,1,0,2,2,4,4,4,2,4,1,2,0,2,2,2,4
chr10_006137874,4,4,4,4,4,4,4,4,4,4,4,4,4,4,4,4,4,4
chr10_006137964,4,4,4,4,4,4,4,4,4,4,4,4,4,4,4,4,4,4
chr10_006373521,0,0,1,0,0,0,0,0,0,0,0,0,0,0,0,0,0,0
chr10_006373675,0,0,0,0,0,0,0,0,0,0,0,0,0,0,0,0,0,0
chr10_006657041,4,4,4,4,4,4,4,4,4,4,4,4,4,4,4,4,4,4
chr10_007058453,0,1,0,0,0,0,0,0,1,0,0,0,0,0,0,0,0,0
chr10_007492747,4,4,4,4,4,4,4,4,4,4,4,4,4,4,4,4,4,4
chr10_007677167,4,4,4,4,4,4,4,4,4,4,4,4,4,4,4,4,4,4
chr10_008185294,2,3,2,2,4,3,2,3,2,3,3,2,4,0,3,2,3,3
chr10_008327351,0,4,0,0,3,3,0,0,0,0,1,0,1,0,2,0,0,0
chr10_008692467,4,4,4,4,4,4,4,4,4,4,4,4,4,4,4,4,4,4
chr10_008787429,4,4,4,4,4,3,4,4,4,3,4,4,4,4,4,4,4,4
chr10_008787574,4,4,4,4,4,4,4,4,4,4,4,4,4,4,4,4,4,4
chr10_008870954,0,0,0,0,2,1,1,0,1,1,1,0,0,0,0,0,2,2
chr10_009217408,4,4,4,4,4,4,4,4,4,4,4,4,4,4,4,4,4,4
chr10_009217439,3,4,4,4,4,4,4,4,3,4,4,4,4,4,4,4,4,4
chr10_009516205,0,1,0,0,0,0,0,0,0,0,0,0,0,1,0,0,0,0
chr10_010039517,0,0,0,0,0,0,0,0,0,0,0,0,0,0,0,0,0,0
chr10_010376102,4,4,4,4,4,4,4,4,4,4,4,4,4,4,2,4,4,4
chr10_010484069,4,4,4,4,4,4,4,4,4,4,4,4,4,4,4,4,4,4
chr10_011358315,4,4,4,4,4,4,0,4,4,4,4,4,4,4,4,4,4,4
chr10_011870031,0,0,0,0,0,0,0,0,0,0,0,0,0,0,0,0,0,0
chr10_012810076,3,3,2,2,3,2,0,3,1,4,3,2,1,2,1,0,1,2
chr10_012951333,4,4,4,4,4,4,4,4,4,4,4,4,4,4,4,4,4,4
chr10_013574087,4,4,4,4,3,3,4,4,4,4,4,4,4,4,3,4,4,4
chr10_013765668,0,0,0,1,0,0,0,0,1,0,0,0,0,1,0,0,0,0
chr10_013933412,4,3,4,4,3,3,4,2,4,3,4,4,4,4,4,4,4,4
chr10_013934850,4,3,4,4,4,4,4,3,4,3,4,4,4,4,4,4,4,4
chr10_014218036,4,4,4,4,4,4,4,4,4,4,4,4,4,4,4,4,4,4
chr10_015412679,4,4,4,4,4,2,4,4,4,4,4,4,4,4,4,4,4,4
chr10_016495702,0,0,0,0,0,0,0,0,0,0,0,0,0,0,0,0,0,0
chr10_016958768,4,4,4,4,4,4,4,4,4,4,4,4,4,4,4,4,4,4
chr10_017349759,4,4,4,4,4,4,4,4,4,4,4,4,4,4,4,4,4,4
chr10_017370317,0,1,1,0,1,3,0,2,1,2,2,0,1,1,1,1,0,1
chr10_017798218,4,4,4,4,4,4,4,4,4,4,4,4,4,4,4,4,4,4
chr10_018120143,0,2,2,0,0,1,0,0,0,1,0,0,0,0,1,2,0,1
chr10_018496269,0,0,0,0,0,0,0,0,0,0,0,0,0,0,0,0,0,0
chr10_018661703,0,2,0,0,1,1,0,0,0,1,1,0,1,1,1,0,0,0
chr10_018999040,0,0,0,1,1,0,0,0,0,1,1,0,0,1,1,1,0,0
chr10_019344990,4,4,4,2,2,4,4,4,4,2,2,2,4,2,2,1,4,4
chr10_020404264,4,4,4,4,3,3,4,4,4,4,4,4,4,4,3,4,4,4
chr10_020805698,4,4,4,4,4,4,4,4,4,4,4,4,4,4,4,4,4,4
chr10_020805753,4,4,4,4,4,4,4,4,4,4,4,4,4,4,4,4,4,4
chr10_021743091,0,0,0,0,0,0,0,0,0,0,0,0,0,0,0,0,0,0
chr10_021906923,4,0,4,4,4,4,0,4,4,4,4,0,4,4,4,0,4,4
chr10_021964121,4,0,0,0,2,2,2,0,0,0,0,0,0,0,0,0,0,0
chr10_022452773,1,0,3,4,4,3,4,0,1,1,3,1,3,3,1,4,4,4
chr10_023060949,4,4,4,4,4,4,4,4,4,4,4,4,4,4,4,4,4,4
chr10_023343702,0,0,0,0,0,0,0,0,0,0,0,0,0,0,0,0,0,0
chr10_023343822,3,2,2,4,3,2,0,4,3,2,2,3,2,2,4,2,3,3
chr10_023537683,0,0,0,4,0,1,0,3,2,0,1,1,4,1,0,0,0,2
chr10_023761524,3,4,4,4,4,3,4,4,4,4,4,2,4,4,2,4,4,4
chr10_024056758,1,0,0,0,0,1,0,0,0,0,0,1,0,0,0,0,0,0
chr10_024253083,0,2,1,0,0,0,2,0,1,2,0,0,1,0,0,2,2,1
chr10_024553053,2,4,4,4,4,4,4,4,4,4,4,4,4,4,4,4,4,4
chr10_024714277,1,0,0,0,0,1,0,1,0,0,4,0,0,0,1,0,0,4
chr10_025354512,4,4,4,4,4,4,4,4,4,4,4,4,4,4,4,4,4,4
chr10_025625703,4,4,3,4,3,3,4,4,3,4,3,2,2,4,3,4,4,3
chr10_026028634,4,4,4,4,4,4,4,4,4,4,4,4,4,4,4,4,4,4
chr10_026028789,4,4,4,4,4,4,4,4,4,4,4,4,4,4,4,4,4,4
chr10_026181479,4,4,4,4,4,4,4,3,4,4,4,4,4,4,4,4,4,4
chr10_026181534,4,4,4,4,4,4,4,3,4,4,4,4,4,4,4,4,4,4
chr10_026692317,4,4,4,4,4,4,4,4,4,4,4,4,4,4,4,4,4,4
chr10_027355952,4,4,4,4,4,4,4,4,4,3,4,4,4,4,4,4,4,4
chr10_027574002,4,1,2,1,3,3,4,3,2,1,2,1,2,1,1,4,4,4
chr10_027702472,4,4,4,2,3,4,2,2,3,4,3,4,3,4,3,4,4,4
chr10_027702558,4,4,4,4,4,4,4,2,3,4,3,4,3,4,4,4,4,4
chr10_027804714,1,3,0,0,0,0,1,2,3,0,1,0,0,1,0,0,1,0
chr10_027804736,4,4,4,4,4,4,4,4,4,4,4,4,4,4,4,4,4,4
chr10_027809769,4,4,4,4,4,4,4,4,4,4,4,4,4,4,4,4,4,4
chr10_028362295,4,4,4,4,4,4,4,3,4,4,4,4,4,4,4,4,3,4
chr10_028362405,4,4,4,4,4,4,4,4,4,4,4,4,4,4,4,4,4,4
chr10_028465586,4,4,4,4,4,4,4,4,4,4,4,4,4,4,4,4,4,4
chr10_028500702,0,0,0,0,0,1,0,0,0,0,0,0,0,0,0,0,0,0
chr10_028816256,4,4,4,4,4,4,4,4,4,4,4,4,4,4,4,4,4,4
chr10_028816326,4,4,4,4,4,4,4,4,4,4,4,4,4,4,4,4,4,4
chr10_029185668,4,4,3,4,4,4,4,4,4,4,4,4,4,4,4,4,4,1
chr10_029269786,4,4,4,4,4,4,4,4,4,4,4,4,4,4,4,4,4,4
chr10_029693339,4,4,4,4,4,4,4,4,4,4,4,4,4,4,4,4,4,4
chr10_029800861,4,4,4,4,4,0,2,4,4,4,2,0,4,0,2,4,0,2
chr10_030167363,4,4,4,4,4,4,4,4,4,4,4,4,4,4,4,4,4,4
chr10_030235626,0,0,0,0,0,0,0,0,0,0,0,0,0,0,0,0,0,0
chr10_030554214,4,4,4,4,4,4,4,4,4,4,4,4,4,4,4,4,4,4
chr10_030554312,1,3,0,0,0,0,2,2,0,0,0,0,0,0,2,0,0,3
chr10_030886054,4,4,4,4,4,4,4,4,4,4,4,4,4,4,3,4,4,4
chr10_031014399,4,4,4,4,4,4,4,4,4,4,4,4,4,4,4,4,4,4
chr10_031666701,4,4,4,4,4,4,4,4,4,4,4,4,4,4,4,4,4,4
chr10_031935278,0,0,0,0,0,0,0,0,0,0,0,0,0,0,0,0,0,0
chr10_032242021,2,3,4,3,3,3,2,4,4,0,3,4,4,2,4,3,3,1
chr10_032372959,2,2,0,1,1,1,2,3,1,2,2,1,1,3,2,1,0,2
chr10_032911582,4,4,4,4,4,4,4,4,4,4,4,4,4,3,3,4,4,4
chr10_032911645,4,4,4,4,4,4,3,3,3,4,4,3,4,4,2,3,4,3
chr10_033015400,4,4,4,4,4,4,4,4,4,4,4,4,4,4,4,4,4,4
chr10_033208991,4,4,4,4,4,4,4,4,4,4,4,4,4,4,4,4,4,4
chr10_033251072,4,4,4,4,4,4,4,4,4,4,4,4,4,4,4,4,4,4
chr10_033340913,4,4,4,4,4,4,4,4,4,4,4,4,4,4,4,4,4,3
chr11_000338729,4,4,4,4,4,4,4,4,4,4,4,4,4,4,4,4,3,4
chr11_000557544,4,4,4,4,4,4,4,4,4,4,4,4,4,4,4,4,4,4
chr11_000557604,4,4,4,4,4,4,4,4,4,4,4,4,4,4,4,4,4,4
chr11_000558183,3,4,4,4,4,4,4,4,4,4,4,4,3,4,4,4,4,2
chr11_000821597,2,2,4,2,2,4,1,4,2,0,1,2,1,1,2,3,2,0
chr11_000821633,0,0,3,4,4,4,4,0,1,4,0,4,0,4,0,4,4,4
chr11_000924552,0,2,0,1,0,0,1,0,0,2,0,0,0,0,1,0,4,0
chr11_000943158,0,0,0,0,0,0,0,0,0,0,0,0,0,0,0,0,0,0
chr11_001022415,4,4,4,4,4,4,4,4,4,4,4,4,4,4,4,4,4,4
chr11_001029015,4,4,4,4,4,4,4,4,4,4,4,4,4,4,4,4,4,4
chr11_001165055,4,4,4,4,4,4,4,4,4,4,4,4,4,4,4,4,4,4
chr11_001165139,4,4,4,4,4,4,4,4,4,4,4,4,4,4,4,4,4,4
chr11_001165186,4,4,4,4,4,4,4,4,4,4,4,4,4,4,4,4,4,4
chr11_001812757,4,4,4,4,4,4,4,4,4,4,4,4,4,4,4,4,4,4
chr11_001922267,1,0,1,0,0,0,0,2,1,0,0,0,0,0,0,0,1,1
chr11_003414770,4,4,4,4,4,4,4,4,4,4,4,4,4,4,4,4,4,4
chr11_003949514,3,4,4,4,4,4,3,3,4,3,4,4,4,4,4,3,4,4
chr11_003949633,4,4,4,4,4,4,4,4,4,4,4,4,4,4,4,4,4,4
chr11_004198804,4,4,4,4,4,4,3,4,4,4,4,4,4,4,4,4,4,4
chr11_004198855,4,4,4,4,4,4,4,4,4,4,4,4,4,4,4,4,4,4
chr11_004360325,4,4,4,4,4,4,4,4,4,4,4,4,4,4,4,4,4,4
chr11_004360349,4,4,4,4,4,4,4,4,4,4,4,4,4,4,4,4,4,4
chr11_004360468,4,4,4,4,4,4,4,4,4,4,4,4,4,4,4,4,4,4
chr11_005011097,0,0,0,0,0,0,0,0,0,0,0,0,0,0,0,0,0,0
chr11_005029543,4,4,4,4,4,4,4,4,4,4,4,4,4,4,4,4,4,4
chr11_005434535,4,4,4,4,4,4,4,4,4,4,4,4,4,4,4,4,4,4
chr11_005546121,4,4,4,4,4,4,4,4,4,4,4,4,4,4,4,4,4,4
chr11_005546243,1,0,0,0,1,0,1,0,3,0,2,0,2,0,1,3,1,3
chr11_005581462,4,4,4,4,4,4,4,4,4,4,4,4,4,4,4,4,4,4
chr11_006081812,0,0,0,0,0,0,0,0,0,0,0,0,0,0,0,0,0,0
chr11_006194095,4,3,3,4,3,2,4,4,3,4,4,4,4,2,4,3,4,4
chr11_007076529,4,4,4,4,4,4,4,4,4,4,4,4,4,4,4,4,4,4
chr11_007076598,0,0,0,0,0,0,0,0,0,0,0,0,1,2,0,0,0,0
chr11_007076624,4,4,4,4,4,4,4,4,4,4,4,4,4,4,4,4,4,4
chr11_007201789,4,4,4,4,4,4,4,4,2,1,4,4,4,0,4,4,0,0
chr11_007302188,4,4,4,4,4,4,4,4,4,4,4,4,4,4,4,4,4,4
chr11_007758476,4,4,4,4,4,4,4,4,4,4,4,4,4,4,4,4,4,4
chr11_007758644,0,4,4,4,4,4,3,4,4,3,4,4,4,4,4,4,4,4
chr11_007843845,0,0,0,0,0,0,0,0,0,1,0,0,0,0,0,0,0,0
chr11_007913320,2,2,3,1,4,4,4,4,2,3,4,4,4,4,1,4,4,0
chr11_007913393,4,4,4,4,4,4,4,4,4,4,4,4,4,4,4,4,4,4
chr11_007913425,0,2,4,4,4,4,4,4,4,2,4,4,4,4,4,4,4,2
chr11_007959135,4,4,4,4,4,4,4,4,4,4,4,4,4,4,4,4,4,4
chr11_007959226,4,4,4,4,4,4,4,4,4,4,4,4,4,4,4,4,4,4
chr11_008392709,4,4,4,4,4,4,4,4,4,4,4,4,4,4,4,4,4,4
chr11_009217236,0,0,0,0,0,0,0,0,0,0,0,0,0,0,0,0,0,0
chr11_009487166,0,0,1,1,4,2,1,0,0,0,0,4,0,0,0,0,4,2
chr11_009553410,0,0,0,0,0,0,0,0,0,0,0,0,0,0,0,0,0,0
chr11_009603306,4,0,0,1,1,2,0,0,0,0,0,2,0,1,0,0,0,1
chr11_009603408,0,0,0,0,0,0,0,0,0,0,0,0,0,0,0,0,0,0
chr11_009763932,4,4,4,4,4,4,4,4,4,4,4,4,4,4,4,4,4,4
chr11_009763977,4,4,4,4,4,4,4,4,4,4,4,4,4,4,4,4,4,4
chr11_009764015,4,1,4,4,2,0,4,4,3,2,4,1,4,4,4,4,4,4
chr11_009803944,0,0,0,0,0,0,0,0,0,0,0,0,0,0,0,0,0,0
chr11_010026534,4,4,4,4,4,4,4,4,4,4,4,4,4,4,4,4,4,4
chr11_010042184,0,2,2,0,2,4,1,0,1,1,0,2,0,2,4,1,2,1
chr11_010073002,4,4,4,4,4,4,4,4,4,4,4,4,4,4,4,4,4,4
chr11_010073107,4,4,4,4,4,4,4,4,4,4,4,4,4,4,4,4,4,4
chr11_010283458,4,4,4,4,4,4,4,4,4,4,4,4,4,4,4,4,4,4
chr11_010595288,4,4,4,4,4,4,4,4,4,4,4,4,4,4,4,4,4,4
chr11_010797163,2,2,4,3,2,2,2,1,4,3,2,1,2,3,1,0,0,3
chr11_011715343,0,0,0,0,0,0,0,0,0,0,0,0,0,0,0,0,0,0
chr11_012529264,2,0,1,0,1,0,0,0,0,3,3,0,0,1,0,3,3,0
chr11_013002501,4,4,3,4,4,4,4,4,4,2,4,4,4,3,4,4,4,4
chr11_013262997,4,4,4,4,4,4,4,4,4,4,4,4,4,4,4,4,4,4
chr11_013430606,4,4,4,4,4,4,4,4,4,4,4,4,4,4,4,4,4,4
chr11_013534265,4,4,4,4,4,4,4,4,4,4,4,4,4,4,4,4,4,4
chr11_013613806,4,4,4,4,4,4,4,4,4,3,4,4,4,4,4,4,4,4
chr11_013613849,4,4,4,4,4,4,4,4,4,4,4,4,4,3,4,4,4,4
chr11_013613871,4,4,4,4,4,4,4,4,4,4,4,4,4,4,4,4,4,4
chr11_013613980,3,2,4,4,1,2,1,3,3,2,4,2,0,0,3,2,4,3
chr11_013725268,0,0,0,0,0,0,0,0,0,0,0,0,0,4,0,0,0,0
chr11_014120160,4,4,4,4,4,4,4,4,4,4,4,4,4,4,4,4,4,4
chr11_014344405,4,4,4,4,3,3,4,4,4,4,4,4,4,4,3,4,2,4
chr11_014671491,4,3,3,3,3,3,4,4,4,4,2,4,4,2,3,3,4,4
chr11_014739253,4,4,4,4,4,4,4,4,4,4,4,4,4,4,4,4,4,4
chr11_014886765,4,4,4,4,3,4,4,4,4,4,4,4,4,4,4,4,4,4
chr11_015265263,4,2,2,3,3,3,4,4,4,4,2,4,4,0,3,4,4,1
chr11_015442540,0,1,0,0,1,1,0,0,2,0,0,2,0,0,0,1,0,0
chr11_015662919,2,4,4,0,2,1,1,4,4,2,1,4,4,2,0,0,0,0
chr11_015973683,0,0,0,0,0,0,0,0,0,2,0,0,0,0,0,0,0,0
chr11_016317034,4,4,4,4,4,4,4,4,4,4,4,4,4,4,4,4,4,4
chr11_016901341,1,2,1,4,2,3,4,0,3,0,3,4,3,1,2,3,4,4
chr11_017278600,4,4,3,4,4,4,4,4,4,4,4,4,4,4,4,4,4,4
chr11_017278636,4,4,4,4,4,4,4,4,4,4,4,4,4,4,4,4,4,4
chr11_017278672,4,4,1,4,2,2,3,4,4,3,3,2,4,4,3,4,2,4
chr11_017684150,4,4,4,4,4,4,4,4,4,4,4,4,4,4,4,4,4,4
chr11_017964127,4,4,4,4,4,4,4,4,4,4,4,4,4,4,4,4,4,4
chr11_018317543,4,4,4,4,4,4,4,4,4,4,4,4,4,4,4,4,4,4
chr11_018569792,4,4,4,4,4,4,4,4,4,4,4,4,4,4,4,4,4,4
chr11_019070684,1,2,1,1,2,2,1,0,2,2,1,1,1,0,0,0,0,4
chr11_019184435,3,4,4,3,3,2,3,4,4,3,3,4,3,4,4,4,4,2
chr11_019649506,3,2,3,3,1,2,3,2,3,3,4,4,4,3,4,4,4,2
chr11_020197141,0,1,1,0,0,0,0,0,0,0,2,0,1,0,0,0,0,0
chr11_020409048,4,4,4,4,4,4,4,4,4,4,4,4,4,4,4,4,4,4
chr11_020947528,4,4,4,4,4,4,4,4,4,4,4,4,4,4,4,4,4,4
chr11_022116709,4,2,1,0,2,4,4,0,3,4,2,0,3,0,2,4,4,2
chr11_022116747,4,4,4,4,4,4,4,4,4,4,4,4,4,4,4,4,4,4
chr11_022116775,4,4,4,4,4,4,4,4,4,4,4,4,4,4,4,4,4,4
chr11_022116797,4,3,2,4,4,4,4,4,3,4,3,2,3,3,3,4,4,4
chr11_022750423,4,4,4,4,4,4,4,4,4,4,4,4,4,4,4,4,4,4
chr11_022984662,4,4,4,4,4,4,4,4,4,4,4,4,4,4,4,4,4,4
chr11_023149721,4,4,4,4,3,4,4,4,4,4,4,4,4,4,4,4,4,4
chr11_023481165,4,4,4,4,4,4,4,3,3,3,4,2,4,4,4,0,4,4
chr11_024005853,4,2,4,1,4,2,0,0,4,0,2,2,3,0,0,0,0,0
chr11_024112099,0,2,0,3,0,2,0,4,0,4,2,0,1,0,4,4,2,2
chr11_025066370,0,0,0,1,0,1,0,0,0,0,1,0,1,0,0,0,0,0
chr11_025127023,4,4,4,4,4,4,4,4,4,4,4,4,4,4,4,4,4,4
chr11_025127044,4,4,4,4,4,4,4,4,4,4,4,4,4,4,4,4,4,4
chr11_025127086,3,4,4,4,1,2,3,4,4,4,3,4,3,4,4,4,4,4
chr11_025608372,2,2,4,4,2,3,4,2,4,4,4,4,3,3,3,3,4,3
chr11_025781022,3,4,3,3,2,1,3,3,3,3,1,3,2,2,3,1,4,2
chr11_025781108,3,4,2,3,2,1,3,3,3,3,2,3,2,2,3,1,4,2
chr11_026158220,2,1,0,0,2,2,0,1,1,1,2,1,2,0,0,3,1,0
chr11_026472705,4,3,4,0,2,4,4,3,2,4,4,4,4,0,3,4,4,4
chr11_027200096,0,0,0,0,2,1,0,1,1,1,0,2,1,0,1,2,0,0
chr11_027504999,4,4,4,4,4,4,4,4,4,4,4,4,4,4,4,4,4,4
chr11_027618022,4,4,4,4,4,3,4,4,4,4,4,4,4,4,4,4,4,4
chr11_027769349,4,4,4,4,4,4,4,4,4,4,4,4,4,4,4,4,4,4
chr11_027894327,0,1,2,1,1,2,2,1,0,0,0,2,1,1,0,0,0,2
chr11_028295309,4,4,4,4,4,4,4,4,4,4,4,4,4,4,4,4,4,4
chr11_028664101,4,4,4,4,4,4,4,4,4,4,4,4,4,4,4,4,4,4
chr11_029227413,2,2,1,0,0,2,0,0,0,0,1,1,2,0,2,0,0,2
chr11_029278168,4,4,3,4,4,4,4,4,4,4,4,4,4,4,4,4,4,4
chr11_029278228,4,4,4,4,4,4,4,4,4,4,4,4,4,4,4,4,4,4
chr11_029336887,4,4,4,4,4,4,4,4,4,4,4,4,4,4,4,4,4,4
chr11_029345399,0,0,0,0,0,0,0,0,0,0,0,0,0,0,0,0,0,0
chr11_029345416,0,0,0,0,0,0,0,0,0,0,0,0,0,0,0,0,0,0
chr11_029345528,4,4,4,4,4,4,4,4,4,4,4,4,4,4,4,4,4,4
chr11_029592121,0,0,0,0,0,0,0,1,4,0,0,0,0,0,4,0,0,0
chr11_029593989,4,4,4,4,4,4,4,4,4,4,4,4,4,4,4,4,4,4
chr11_030099104,4,4,4,4,4,4,4,4,4,0,4,4,4,4,2,4,4,4
chr11_030118595,3,4,4,4,4,4,4,4,4,4,4,4,4,4,4,4,4,4
chr11_030353955,4,3,4,4,4,4,3,4,4,4,4,4,4,4,4,1,4,4
chr11_030686187,0,0,1,0,0,0,0,0,0,0,0,0,0,0,0,0,0,0
chr11_031156619,4,4,4,4,4,4,4,4,4,4,4,4,4,4,4,4,4,4
chr11_031156664,4,4,4,4,4,4,4,4,4,4,4,4,4,4,4,4,4,4
chr11_031156703,4,4,4,4,4,4,4,4,4,4,4,4,4,4,4,4,4,4
chr11_031156782,0,0,1,0,0,0,0,0,0,0,0,0,0,0,0,0,0,0
chr11_031156817,4,4,4,4,4,4,4,4,4,4,4,4,4,4,4,4,4,4
chr11_031184089,4,2,4,0,1,4,2,4,3,0,4,4,3,2,2,2,4,4
chr11_031184155,0,0,0,0,0,0,0,0,0,0,0,0,0,0,0,0,0,0
chr11_031186836,4,4,4,1,4,4,4,4,4,4,4,4,4,2,4,4,4,4
chr11_031497018,4,4,4,4,4,4,4,4,4,4,4,4,4,4,4,4,4,4
chr11_031497036,4,4,4,4,4,4,4,4,4,4,4,4,4,4,4,4,4,4
chr11_031497066,4,4,4,4,4,4,4,4,4,4,4,4,4,4,4,4,4,4
chr11_031497167,4,4,4,4,4,4,4,4,4,4,4,4,4,4,4,4,4,4
chr11_031598171,4,4,4,4,4,4,4,4,4,4,4,4,4,4,4,4,4,4
chr11_031598204,0,0,1,1,1,0,0,0,0,0,0,0,0,0,0,0,0,1
chr11_031598322,4,2,4,4,4,4,3,4,4,4,4,4,4,4,3,4,4,4
chr11_032271155,4,4,4,4,4,4,4,4,4,4,4,4,4,4,4,4,4,4
chr11_032321616,4,4,4,4,4,4,4,4,4,4,4,4,4,4,4,4,4,4
chr11_032803069,3,4,3,4,4,4,4,4,4,4,4,4,4,4,4,4,4,4
chr11_033250109,4,0,0,4,4,4,4,4,4,4,4,4,4,4,4,1,3,4
chr11_033374447,4,3,4,4,4,4,4,3,3,3,4,4,3,4,3,4,4,4
chr11_034466818,4,4,4,4,4,4,4,4,4,4,4,4,4,4,4,4,4,4
chr11_034466841,4,4,4,4,4,4,4,4,4,4,4,4,4,3,4,4,4,4
chr11_034466868,4,4,4,4,4,4,4,4,4,4,4,4,4,4,4,4,4,4
chr11_034466965,4,4,4,4,4,4,4,4,4,4,4,4,4,4,4,4,4,4
chr11_034844641,0,4,1,2,2,0,2,2,2,0,1,2,2,1,2,0,2,2
chr11_035249665,0,0,0,0,0,0,0,2,0,0,0,0,0,0,0,0,0,0
chr11_035363225,0,0,0,0,0,0,0,1,0,0,0,0,0,0,0,0,0,0
chr11_035564572,4,4,4,4,3,3,4,4,4,4,4,4,4,4,4,4,4,4
chr11_035564607,4,4,4,4,4,4,4,4,4,4,4,4,4,4,4,4,4,4
chr11_035842226,4,4,4,4,4,4,4,4,4,4,4,4,4,4,4,4,4,4
chr11_037690940,4,4,4,4,4,4,4,4,4,4,4,4,4,4,4,4,4,4
chr11_038202595,0,0,1,0,0,0,1,1,1,0,0,0,1,1,0,0,0,0
chr12_000086253,4,4,4,4,4,4,4,4,4,4,4,4,4,4,4,4,4,4
chr12_000086292,1,3,0,2,0,0,1,0,4,4,2,3,0,1,4,1,1,3
chr12_000086324,1,3,0,2,0,0,1,0,3,2,1,2,0,1,1,1,1,2
chr12_000532598,0,0,0,0,0,0,0,0,0,0,0,0,0,0,0,0,0,0
chr12_000724529,3,4,4,4,4,4,4,4,3,4,4,4,4,3,4,4,4,4
chr12_000899387,1,3,3,3,3,4,2,2,2,3,0,3,1,4,2,2,3,0
chr12_000899498,4,4,4,4,4,4,4,4,4,4,4,4,4,4,4,4,4,4
chr12_000942009,2,3,4,3,2,2,3,4,3,2,1,2,2,3,2,2,1,0
chr12_001323504,4,4,4,4,4,4,4,4,4,4,4,4,4,4,4,4,4,4
chr12_001636162,4,4,4,4,4,4,4,4,4,4,4,4,4,4,4,3,4,4
chr12_001898244,0,0,0,0,0,0,0,0,0,0,0,0,0,0,0,0,0,0
chr12_002433391,4,4,4,2,3,4,4,4,4,4,4,4,4,4,4,4,4,4
chr12_002433495,2,3,0,2,2,4,3,2,0,2,3,3,1,2,4,1,4,3
chr12_002621438,4,4,4,4,4,4,4,4,4,4,4,4,4,4,4,4,4,4
chr12_002886270,4,4,4,4,4,4,4,4,4,4,4,4,4,4,4,4,4,4
chr12_003096037,4,4,4,4,4,4,4,4,4,4,4,4,4,4,4,4,4,4
chr12_003561039,3,3,1,4,2,2,2,2,4,3,3,0,3,3,2,4,2,1
chr12_003561059,4,4,4,4,4,4,4,4,4,4,4,4,4,4,4,4,4,4
chr12_003561090,4,4,4,4,4,4,4,4,4,4,4,4,4,4,4,4,4,4
chr12_003561111,0,1,0,1,0,0,3,0,0,0,0,0,0,0,0,1,1,0
chr12_003561136,4,4,4,4,4,4,4,4,4,4,4,4,4,4,4,4,4,4
chr12_003561159,4,4,4,4,4,4,4,4,4,4,4,4,4,4,4,4,4,4
chr12_003562874,1,0,0,0,0,0,0,0,4,4,0,0,0,0,0,0,0,0
chr12_003562919,4,4,4,4,4,4,4,4,4,4,4,4,4,4,4,4,4,4
chr12_003587817,4,4,4,4,4,4,4,4,4,4,4,4,4,4,4,4,4,4
chr12_003587836,4,4,4,4,4,4,4,4,4,4,4,4,4,4,4,4,4,4
chr12_003992977,4,3,4,3,4,4,4,3,4,4,3,2,4,2,3,3,4,4
chr12_004000054,2,0,2,0,0,0,0,0,2,0,0,1,0,0,0,2,2,0
chr12_004322321,4,4,4,4,4,4,4,4,4,4,4,4,4,4,4,4,4,4
chr12_004322348,4,4,4,4,4,4,4,4,4,4,4,4,4,4,4,4,4,4
chr12_004322410,4,4,4,4,4,4,4,4,4,4,4,4,4,4,4,4,4,4
chr12_004616618,0,0,0,0,0,0,0,1,0,0,0,0,0,0,1,0,0,0
chr12_004940707,0,0,0,2,0,1,0,2,0,0,2,4,0,3,1,0,1,0
chr12_005182382,4,4,4,4,4,4,4,4,4,4,4,4,4,3,4,4,4,4
chr12_005182420,4,4,4,4,4,4,4,1,2,0,4,4,4,4,2,4,4,4
chr12_005182440,4,4,4,4,4,4,4,4,4,4,4,4,4,3,4,4,4,4
chr12_005280581,4,4,3,3,3,3,4,4,4,4,4,3,4,3,4,3,3,4
chr12_005300841,4,1,3,4,3,3,3,4,3,2,4,4,4,3,3,3,1,2
chr12_005689470,0,3,0,0,0,0,0,1,0,0,0,0,0,0,0,0,0,0
chr12_006398354,4,4,3,2,3,3,2,1,3,2,3,2,1,2,3,2,3,3
chr12_006693887,4,4,4,4,4,4,4,4,4,4,4,4,4,4,4,4,4,4
chr12_007006574,0,0,0,0,1,0,0,4,0,0,0,0,0,0,0,0,0,0
chr12_007321172,0,0,0,0,0,0,0,0,0,0,0,0,0,0,0,0,0,0
chr12_007340721,4,4,4,4,4,4,4,4,4,4,4,4,4,4,4,4,4,4
chr12_007350382,1,0,0,3,2,1,0,0,1,0,2,1,1,1,0,0,3,0
chr12_007350465,1,0,0,3,3,1,0,0,1,0,3,1,1,1,0,0,3,0
chr12_007400557,4,4,0,4,2,4,4,3,4,4,4,4,4,4,4,2,4,4
chr12_007400623,4,4,4,4,4,4,4,4,4,4,4,4,4,4,4,4,4,4
chr12_007400677,4,4,4,4,4,4,4,4,4,4,4,4,4,4,4,4,4,4
chr12_007405644,4,4,4,4,4,4,4,4,4,4,4,4,4,4,4,4,4,4
chr12_007516095,0,0,0,1,1,0,0,1,0,0,0,0,0,0,0,0,0,1
chr12_007824143,4,4,4,4,4,4,4,4,4,4,4,4,4,4,4,4,4,4
chr12_008322316,3,4,4,4,4,4,4,3,4,4,4,3,3,1,4,3,2,3
chr12_008628157,0,0,0,0,0,0,0,0,0,0,0,0,0,0,0,0,0,0
chr12_008647472,4,4,4,4,4,4,4,3,4,4,4,4,4,4,4,4,4,4
chr12_008662204,0,0,0,0,1,1,0,0,0,0,0,0,0,0,0,1,0,0
chr12_008662304,3,4,3,4,4,4,4,4,3,4,4,3,4,3,4,2,2,3
chr12_009086897,4,4,4,4,3,4,4,4,4,4,4,4,4,4,4,4,4,4
chr12_009133148,4,4,4,4,4,4,4,4,4,4,4,4,4,4,4,4,4,4
chr12_009215719,4,4,4,4,4,4,4,4,4,4,4,4,4,4,4,4,4,4
chr12_009360514,2,4,3,2,3,1,3,2,4,1,4,4,4,3,2,4,4,4
chr12_009735079,0,0,1,0,0,0,2,2,1,1,1,3,0,0,0,0,0,2
chr12_009918826,0,0,4,2,2,2,4,3,4,4,1,3,4,3,3,1,4,2
chr12_010462305,1,2,3,2,2,3,0,4,1,2,2,2,0,3,3,2,0,3
chr12_010466790,4,4,4,4,4,4,4,4,4,4,4,4,4,4,4,4,4,4
chr12_010466826,4,4,4,4,4,4,4,4,4,4,4,4,4,4,4,4,4,4
chr12_010466867,4,4,4,4,4,4,4,4,4,4,4,4,3,4,4,4,4,4
chr12_010466937,1,2,3,2,2,3,0,4,1,2,3,2,2,3,3,2,0,3
chr12_010468794,4,4,4,4,4,4,4,4,4,4,4,4,4,4,4,4,4,3
chr12_010862395,4,4,4,4,4,4,4,4,4,4,4,4,4,4,4,4,4,4
chr12_011157863,4,4,4,4,4,4,4,4,4,4,4,4,4,4,4,4,4,4
chr12_011475038,4,4,4,4,4,4,4,4,4,4,4,4,4,4,4,4,4,4
chr12_012437318,4,4,4,4,4,4,4,4,4,4,4,4,4,4,4,4,4,4
chr12_012453436,2,0,0,0,0,0,0,0,0,0,0,0,0,0,0,0,0,0
chr12_012453553,3,0,0,0,1,1,0,0,0,0,0,1,0,0,2,0,1,3
chr12_012857810,3,2,3,3,0,2,1,1,4,2,1,4,2,2,2,2,3,0
chr12_012884324,1,2,0,0,0,0,0,0,0,0,0,0,0,0,0,1,0,0
chr12_012976351,3,3,4,1,3,2,0,0,0,0,0,0,0,1,0,3,1,3
chr12_013408890,4,3,4,4,4,4,4,4,4,4,4,4,4,4,4,2,0,2
chr12_013830734,4,2,4,4,2,3,4,4,4,4,4,4,4,4,4,3,4,4
chr12_014231951,0,4,0,1,4,1,0,1,0,1,0,1,1,0,0,2,2,1
chr12_014459770,1,0,1,2,2,2,1,0,2,0,1,1,2,1,1,1,0,2
chr12_014925007,1,0,0,0,2,1,0,0,0,0,0,0,0,0,0,0,0,0
chr12_015216253,4,4,4,4,4,4,4,4,4,4,4,4,4,4,4,4,4,4
chr12_015216330,4,4,4,4,4,4,4,4,4,4,4,4,4,4,4,4,4,4
chr12_015216414,4,4,4,4,4,4,4,4,4,4,4,4,4,4,4,4,4,4
chr12_015980833,4,4,4,4,4,4,4,4,4,4,4,4,4,4,4,4,4,4
chr12_016182845,2,3,4,4,3,3,4,4,4,3,4,4,4,4,4,4,4,4
chr12_016352374,2,4,4,2,2,1,4,3,1,2,4,0,2,2,2,1,0,1
chr12_016664129,4,4,4,4,4,4,4,4,4,4,4,4,4,4,4,4,4,4
chr12_017008258,4,4,4,4,4,3,4,3,3,1,3,4,4,4,1,4,4,2
chr12_017392930,4,4,4,4,4,4,4,4,4,4,4,4,4,4,4,4,4,4
chr12_017680894,4,3,2,0,1,2,1,2,2,0,0,2,3,0,0,2,2,0
chr12_017988321,4,4,4,4,4,4,4,4,4,4,4,4,4,4,4,4,4,4
chr12_018351073,1,1,2,0,1,0,2,0,0,0,1,2,2,0,0,0,2,0
chr12_018351205,0,0,0,0,0,0,0,2,0,0,0,1,0,0,0,2,0,2
chr12_018392411,2,0,0,0,2,1,0,3,0,2,2,0,1,0,1,3,1,0
chr12_018816298,2,3,2,1,2,4,3,4,4,3,2,4,2,2,2,4,4,2
chr12_019103154,4,4,4,4,4,4,4,4,4,4,4,4,3,4,4,4,4,4
chr12_019189268,4,4,4,2,4,3,4,4,3,4,3,4,2,4,4,4,4,4
chr12_019703038,0,2,4,3,2,0,0,0,1,2,0,2,0,0,0,2,0,1
chr12_019918407,0,0,3,4,4,4,0,2,4,3,0,2,4,3,2,4,2,3
chr12_020217205,4,4,4,4,4,4,4,4,4,4,4,4,4,4,4,4,4,4
chr12_020641339,4,4,4,4,4,4,4,3,4,4,4,4,4,4,4,4,4,3
chr12_020868445,4,4,4,4,4,4,4,4,4,4,4,4,4,4,4,4,4,4
chr12_021738781,4,4,4,4,4,4,4,4,4,4,4,4,4,4,4,4,4,4
chr12_022857393,4,4,4,4,4,4,4,4,4,4,4,4,4,4,4,4,4,4
chr12_023658038,4,4,4,4,4,4,4,2,3,4,4,4,4,4,4,4,4,2
chr12_024488273,4,4,4,4,4,4,4,4,4,4,4,4,4,4,4,4,4,4
chr12_024595101,4,4,4,3,4,4,4,2,4,4,4,3,4,4,4,4,4,4
chr12_025050914,0,0,0,0,0,0,0,1,0,0,0,0,0,0,0,0,0,2
chr12_025077660,4,4,4,4,4,4,4,4,4,4,4,4,4,4,4,4,4,4
chr12_025476054,0,0,0,0,0,0,0,0,0,0,1,0,1,1,1,0,0,0
chr12_025903129,4,4,4,3,4,4,4,4,4,4,4,4,4,4,4,4,4,4
chr12_026457001,4,4,4,4,4,4,4,4,4,4,4,4,4,4,4,4,4,4
chr12_026457026,4,4,4,4,4,4,4,4,4,4,4,4,4,4,4,4,4,4
chr12_026457095,4,4,4,4,4,4,4,4,4,4,4,4,4,4,4,4,4,4
chr12_026457132,4,4,4,4,4,4,4,4,4,4,4,4,4,4,4,4,4,4
chr12_027445751,3,4,2,4,4,3,3,4,4,4,3,4,2,3,4,4,4,4
chr12_027516346,0,0,0,0,0,0,0,0,0,0,0,0,0,0,0,0,0,0
chr12_027516441,3,4,4,4,4,4,4,4,4,4,4,4,4,4,4,4,4,4
chr12_027516489,4,4,4,4,4,4,4,4,4,4,4,4,4,4,4,4,4,4
chr12_027888372,4,4,4,4,4,4,4,4,4,4,4,4,4,4,4,4,4,4
chr12_028246588,4,4,4,2,2,3,4,4,3,4,4,4,3,4,4,4,4,4
chr12_028286476,4,4,4,1,3,2,3,4,2,3,2,3,0,3,4,4,3,4
chr12_028378398,1,0,0,0,0,0,0,0,0,0,0,0,0,0,0,0,0,0
chr12_028742797,4,4,4,3,4,4,4,4,4,4,4,4,4,4,4,4,4,4
chr12_028742885,4,4,4,4,4,4,4,4,4,4,4,4,4,4,4,4,4,4
chr12_029502119,3,4,3,4,4,3,3,4,4,4,3,4,2,3,4,4,4,4
chr12_029585555,0,0,0,0,0,0,1,0,0,1,1,0,0,0,0,0,0,2
chr12_029742754,4,4,4,4,4,4,4,4,4,4,4,4,4,4,4,4,4,4
chr12_029909573,2,4,1,3,2,2,0,1,4,3,0,1,1,0,2,3,2,1
chr12_030506427,1,4,4,4,4,3,3,3,4,3,3,4,2,3,4,4,4,4
chr12_030817778,1,1,0,0,2,2,1,0,3,0,0,0,0,0,0,0,0,0
chr12_030817807,4,4,4,4,4,4,4,4,4,4,4,4,4,4,4,4,4,4
chr12_031246293,4,4,4,4,4,4,4,4,4,4,4,4,4,4,4,4,4,4
chr12_032163979,4,4,4,4,4,4,4,4,4,4,4,4,4,4,4,4,4,4
chr12_032835664,0,0,0,0,0,0,2,0,0,0,1,1,1,1,1,0,0,0
chr12_032835701,4,4,4,4,4,4,4,4,4,4,4,4,4,4,3,4,4,4
chr12_033120361,4,4,4,4,4,3,4,4,4,4,4,4,4,4,4,4,4,4
chr12_033131606,4,4,4,4,4,4,4,4,4,4,4,4,4,4,4,4,4,4
chr12_033326758,1,0,0,0,0,1,1,1,1,0,1,1,3,0,0,2,1,1
chr12_033671322,4,4,4,4,0,4,4,4,4,4,4,4,4,4,4,4,4,4
chr12_033783317,0,1,0,0,0,1,0,0,0,0,0,0,0,0,0,0,0,0
chr12_033828061,4,4,4,3,4,4,4,1,4,4,4,3,4,4,4,4,4,4
chr12_033951913,4,4,4,3,4,4,4,2,3,4,4,3,4,3,4,4,4,4
chr12_034372584,0,2,2,1,3,2,1,2,1,3,2,2,0,2,3,4,2,1
chr12_034591465,0,1,3,2,4,4,3,4,3,0,4,4,4,2,3,4,4,4
chr12_034948486,1,2,2,3,3,2,2,3,3,3,2,1,4,4,4,3,2,0
chr12_034955278,4,4,4,4,4,4,4,4,4,4,4,4,4,4,4,4,4,4
chr12_035208831,0,1,0,1,4,0,2,3,1,0,0,1,1,1,1,0,2,1
chr12_036090205,4,4,4,4,4,4,4,4,4,4,4,4,4,4,4,4,4,4
chr12_036437314,0,0,0,0,0,0,0,0,1,0,0,0,0,0,1,0,0,0
chr12_036561976,4,4,4,4,4,4,4,4,4,4,4,4,4,4,4,4,4,4
chr12_036562002,4,4,4,4,4,4,4,4,4,4,4,4,4,4,4,4,4,4
chr12_036816895,4,4,4,4,4,4,4,4,4,4,4,4,4,4,4,4,4,4
chr12_036962242,4,4,4,4,4,4,4,4,4,4,4,4,4,4,4,4,4,4
chr12_037074339,2,0,0,0,0,0,0,0,1,0,0,0,0,0,0,1,0,1
chr12_037456072,4,3,4,3,4,3,3,4,4,3,4,4,3,3,3,4,4,4
chr12_037599013,1,0,1,0,2,1,1,1,0,2,1,1,0,1,0,2,1,1
chr12_037919575,0,0,0,0,0,0,0,0,0,1,0,1,0,0,0,3,0,1
chr12_038101961,4,4,4,3,4,4,4,4,4,4,4,4,4,4,4,4,4,4
chr12_038559171,4,3,4,3,4,4,3,4,4,3,4,3,4,4,4,3,4,3
chr12_038910669,3,4,4,4,2,3,4,3,4,2,4,4,4,3,4,3,4,3
chr12_039260963,4,4,4,4,4,4,4,3,4,4,4,4,4,4,4,4,4,4
chr12_039379239,2,4,4,4,2,2,4,4,4,4,4,4,4,4,4,4,4,4
chr12_039606323,4,0,0,0,2,2,0,0,0,0,2,2,1,0,0,1,0,0
chr12_040002516,0,0,0,0,0,0,0,0,0,0,0,0,0,0,0,0,0,0
chr12_040288016,4,3,2,4,3,4,4,3,2,3,3,3,4,3,4,2,4,3
chr12_040618883,2,2,1,2,2,1,2,1,3,3,4,3,3,1,2,2,1,1
chr12_040760045,3,4,4,4,3,2,4,4,4,4,4,4,4,4,4,4,4,4